Fyers_Symbol,Stock Name,Company Name,Sector,Basic Industry,Market Cap(Cr.),Stock Price,No OF  SHARE,Circuit Limit
NSE:AWFIS-EQ,AWFIS,Awfis Space Solutions Limited,Services,Diversified Commercial Services,2582,362.36,71255105.42,20
NSE:QUESS-EQ,QUESS,Quess Corp Limited,Services,Diversified Commercial Services,2948,197.36,149371706.5,20
NSE:ORIENTCEM-EQ,ORIENTCEM,Orient Cement Limited,Construction,Cement,2974,144.89,205259162.1,20
NSE:SHAREINDIA-EQ,SHAREINDIA,Share India Securities Limited,Financial Services,Investment Banking & Broking,3218,146.8,219209809.3,20
NSE:ROUTE-EQ,ROUTE,ROUTE MOBILE LIMITED,Information Technology,Other Telecom Services,3234,513.25,63010228.93,20
NSE:MSTCLTD-EQ,MSTCLTD,Mstc Limited,Consumer Services,E- Commerce,3326,471.6,70525869.38,20
NSE:HERITGFOOD-EQ,HERITGFOOD,Heritage Foods Limited,FMCG,Dairy Products,3337,359.75,92758860.32,20
NSE:REFEX-EQ,REFEX,Refex Industries Limited,Chemicals,Chemicals-Basic,3351,244.76,136909625.8,20
NSE:AARTIDRUGS-EQ,AARTIDRUGS,Aarti Drugs Limited,Healthcare,Medical-Diversified,3409,373.2,91345123.26,20
NSE:KITEX-EQ,KITEX,Kitex Garments Limited,Textiles,Textiles,3427,171.96,199290532.7,20
NSE:ADVENZYMES-EQ,ADVENZYMES,Advanced Enzyme Technologies Limited,Healthcare,Biotechnology,3442,307.4,111971372.8,20
NSE:KNRCON-EQ,KNRCON,KNR Constructions Limited,Construction,Civil Construction,3482,123.92,280987734,20
NSE:ZAGGLE-EQ,ZAGGLE,Zaggle Prepaid Ocean Services Limited,Information Technology,Consulting Services,3509,260.88,134506286.4,20
NSE:CIGNITITEC-EQ,CIGNITITEC,Cigniti Technologies Limited,Information Technology,Software Services,3577,1296.3,27593921.16,20
NSE:SAMHI-EQ,SAMHI,Samhi Hotels Limited,Consumer Services,Hotels,3625,163.1,222256284.5,20
NSE:OPTIEMUS-EQ,OPTIEMUS,Optiemus Infracom Limited,Telecommunication,Telecom - Equipment & Accessories,3660,413.75,88459214.5,20
NSE:ELLEN-EQ,ELLEN,Ellenbarrie Industrial Gases Limited,Chemicals,Chemicals Specialty,3674,260.43,141074377,10
NSE:RBA-EQ,RBA,Restaurant Brands Asia Limited,Consumer Services,Restaurants,3688,63.27,582898688.2,20
NSE:BALAMINES-EQ,BALAMINES,Balaji Amines Limited,Chemicals,Chemicals Specialty,3693,1139.3,32414640.57,20
NSE:VAIBHAVGBL-EQ,VAIBHAVGBL,Vaibhav Global Limited,Consumer Durables,Jewellery,3736,223.7,167009387.6,20
NSE:EIEL-EQ,EIEL,Enviro Infra Engineers Limited,Utilities,Water Supply & Management,3740,213.04,175553886.6,20
NSE:GREAVESCOT-EQ,GREAVESCOT,Greaves Cotton Limited,Auto,Auto Ancilaries,3755,161.36,232709469.5,20
NSE:HEMIPROP-EQ,HEMIPROP,Hemisphere Properties India Limited,Realty,Real Estate,3778,132.33,285498375.3,20
NSE:NFL-EQ,NFL,National Fertilizers Limited,Chemicals,Fertilizers,3799,77.41,490763467.3,20
NSE:STYL-EQ,STYL,Seshaasai Technologies Limited,Information Technology,Software Services,3884,240.16,161725516.3,10
NSE:ASHOKA-EQ,ASHOKA,Ashoka Buildcon Limited,Construction,Civil Construction,3895,138.82,280579167.3,20
NSE:STYRENIX-EQ,STYRENIX,Styrenix Performance Materials Limited,Chemicals,Petrochemicals,3905,2221.5,17578212.92,20
NSE:LXCHEM-EQ,LXCHEM,Laxmi Organic Industries Limited,Chemicals,Chemicals-Basic,3937,142.1,277058409.6,20
NSE:WEBELSOLAR-EQ,WEBELSOLAR,Websol Energy System Limited,Capital Goods,Electrical - Power Equipment,3958,91.37,433183758.3,10
NSE:NEOGEN-EQ,NEOGEN,Neogen Chemicals Limited,Chemicals,Chemicals Specialty,3973,1511.6,26283408.31,20
NSE:INDIGOPNTS-EQ,INDIGOPNTS,Indigo Paints Limited,Consumer Durables,Paints,3994,838,47661097.85,20
NSE:TARC-EQ,TARC,TARC Limited,Realty,Real Estate,4001,135.5,295276752.8,20
NSE:CRIZAC-EQ,CRIZAC,Crizac Limited,Consumer Services,Education Services,4028,230.17,175001086.2,10
NSE:EMIL-EQ,EMIL,Electronics Mart India Limited,Consumer Services,Speciality Retail,4037,105.16,383891213.4,20
NSE:HGINFRA-EQ,HGINFRA,H.G. Infra Engineering Limited,Construction,Civil Construction,4049,621.05,65196038.97,20
NSE:ANUP-EQ,ANUP,The Anup Engineering Limited,Construction,Civil Construction,4051,2022.3,20031647.13,20
NSE:JSFB-EQ,JSFB,Jana Small Finance Bank Limited,Financial Services,Private Banks,4125,391.45,105377442.8,20
NSE:GMMPFAUDLR-EQ,GMMPFAUDLR,GMM Pfaudler Limited,Capital Goods,Industrial Products & Manufacturing,4179,929.9,44940316.16,20
NSE:TEXRAIL-EQ,TEXRAIL,Texmaco Rail & Engineering Limited,Capital Goods,Railways,4321,106.01,407603056.3,20
NSE:DATAMATICS-EQ,DATAMATICS,Datamatics Global Services Limited,Information Technology,Software Services,4404,747.8,58892752.07,20
NSE:RAIN-EQ,RAIN,Rain Industries Limited,Chemicals,Petrochemicals,4450,132.4,336102719,20
NSE:CAPILLARY-EQ,CAPILLARY,Capillary Technologies India Limited,Information Technology,Software Services,4489,566.4,79254943.5,20
NSE:BAJAJELEC-EQ,BAJAJELEC,Bajaj Electricals Limited,Consumer Durables,Household Appliances,4513,391.4,115304036.8,20
NSE:IFBIND-EQ,IFBIND,IFB Industries Limited,Consumer Durables,Household Appliances,4515,1116.2,40449740.19,20
NSE:SWSOLAR-EQ,SWSOLAR,Sterling and Wilson Renewable Energy Limited,Construction,Civil Construction,4528,193.97,233438160.5,20
NSE:VIPIND-EQ,VIPIND,VIP Industries Limited,Consumer Durables,Leisure Products,4555,320.3,142210427.7,20
NSE:JUSTDIAL-EQ,JUSTDIAL,Just Dial Limited,Media Entertainment & Publication,Web Services,4676,549.7,85064580.68,20
NSE:GHCL-EQ,GHCL,GHCL Limited,Chemicals,Chemicals Specialty,4728,513.85,92011287.34,20
NSE:KSCL-EQ,KSCL,Kaveri Seed Company Limited,FMCG,Agro Products,4747,923.35,51410624.36,20
NSE:RTNINDIA-EQ,RTNINDIA,RattanIndia Enterprises Limited,Consumer Services,E- Commerce,4793,34.72,1380472350,20
NSE:SPARC-EQ,SPARC,Sun Pharma Advanced Research Company Limited,Healthcare,Biotechnology,4814,148.01,325248294,20
NSE:VMART-EQ,VMART,V-Mart Retail Limited,Consumer Services,Diversified Retail,4880,614.25,79446479.45,20
NSE:RAYMONDLSL-EQ,RAYMONDLSL,Raymond Lifestyle Limited,Consumer Services,Retail-Department Stores,4894,803.4,60916106.55,20
NSE:SKIPPER-EQ,SKIPPER,Skipper Limited,Capital Goods,Electrical - Power Equipment,4895,433.35,112957194,20
NSE:WAKEFIT-EQ,WAKEFIT,Wakefit Innovations Limited,Consumer Durables,Home Furnishing,4904,148.64,329924650.2,20
NSE:SUNTECK-EQ,SUNTECK,Sunteck Realty Limited,Realty,Real Estate,4908,333.65,147100254.8,20
NSE:OSWALPUMPS-EQ,OSWALPUMPS,Oswal Pumps Limited,Capital Goods,Pumps,4936,432.55,114113975.3,5
NSE:SMARTWORKS-EQ,SMARTWORKS,Smartworks Coworking Spaces Limited,Services,Diversified Commercial Services,4954,432.45,114556596.1,20
NSE:ELECTCAST-EQ,ELECTCAST,Electrosteel Castings Limited,Construction,Construction Products Miscallaneous,4987,80.75,617585139.3,20
NSE:HCC-EQ,HCC,Hindustan Construction Company Limited,Construction,Civil Construction,4989,19.09,2613410162,20
NSE:AURIONPRO-EQ,AURIONPRO,Aurionpro Solutions Limited,Information Technology,Software Products,5094,922.6,55213526.99,20
NSE:TVSSCS-EQ,TVSSCS,TVS Supply Chain Solutions Limited,Services,Logistics,5114,115.69,442043391.8,5
NSE:SUBROS-EQ,SUBROS,Subros Limited,Auto,Auto Ancilaries,5135,788.5,65123652.5,20
NSE:SUPRIYA-EQ,SUPRIYA,Supriya Lifescience Limited,Healthcare,Pharmaceuticals,5141,638.5,80516836.34,20
NSE:JAMNAAUTO-EQ,JAMNAAUTO,Jamna Auto Industries Limited,Auto,Auto Ancilaries,5144,128.56,400124455.5,20
NSE:SURYAROSNI-EQ,SURYAROSNI,Surya Roshni Limited,Metals & Mining,Iron & Steel,5206,239.49,217378596.2,20
NSE:RALLIS-EQ,RALLIS,Rallis India Limited,Chemicals,Agro chemicals,5214,268,194552238.8,20
NSE:THOMASCOOK-EQ,THOMASCOOK,Thomas Cook  (India)  Limited,Consumer Services,Tour & Travel services,5215,110.91,470201063.9,20
NSE:PNCINFRA-EQ,PNCINFRA,PNC Infratech Limited,Construction,Civil Construction,5220,203.11,257003594.1,20
NSE:MAPMYINDIA-EQ,MAPMYINDIA,C.E. Info Systems Limited,Information Technology,Software Services,5228,955.85,54694774.28,20
NSE:CMSINFO-EQ,CMSINFO,CMS Info Systems Limited,Financial Services,Finance & Investment,5232,318,164528301.9,20
NSE:RTNPOWER-EQ,RTNPOWER,RattanIndia Power Limited,Power,Energy-Alternative,5246,9.77,5369498465,20
NSE:CCAVENUE-EQ,CCAVENUE,Infibeam Avenues Limited,Information Technology,Software Services,5302,15.21,3485864563,20
NSE:GOKEX-EQ,GOKEX,Gokaldas Exports Limited,Textiles,Textiles,5318,726.55,73195237.77,20
NSE:PURVA-EQ,PURVA,Puravankara Limited,Realty,Real Estate,5328,225.18,236610711.4,20
NSE:SENCO-EQ,SENCO,Senco Gold Limited,Consumer Durables,Jewellery,5337,326.3,163561140.1,20
NSE:MASTEK-EQ,MASTEK,Mastek Limited,Information Technology,Software Services,5404,1746,30950744.56,20
NSE:ICIL-EQ,ICIL,Indo Count Industries Limited,Textiles,Textiles,5458,275.85,197861156.4,20
NSE:PTC-EQ,PTC,PTC India Limited,Power,Power Generation & Distribution,5476,184.75,296400541.3,20
NSE:FEDFINA-EQ,FEDFINA,Fedbank Financial Services Limited,Financial Services,NBFC,5486,146.79,373731180.6,20
NSE:SAPPHIRE-EQ,SAPPHIRE,Sapphire Foods India Limited,Consumer Services,Restaurants,5536,172.34,321225484.5,20
NSE:CRAMC-EQ,CRAMC,Canara Robeco Asset Management Company Limited,Financial Services,Asset Management,5549,278.14,199503847,20
NSE:ENTERO-EQ,ENTERO,Entero Healthcare Solutions Limited,Healthcare,Pharmaceuticals,5560,1278.1,43502073.39,20
NSE:AHLUCONT-EQ,AHLUCONT,Ahluwalia Contracts (India) Limited,Construction,Civil Construction,5594,834.05,67070319.53,20
NSE:NETWORK18-EQ,NETWORK18,Network18 Media & Investments Limited,Media Entertainment & Publication,Media & Entertainment,5603,36.36,1540979098,20
NSE:PICCADIL-EQ,PICCADIL,Piccadily Agro Industries Limited,FMCG,Sugar,5767,584.55,98657086.65,20
NSE:DBREALTY-EQ,DBREALTY,Valor Estate Limited,Realty,Real Estate,5808,107.09,542347558.1,20
NSE:HAPPSTMNDS-EQ,HAPPSTMNDS,Happiest Minds Technologies Limited,Information Technology,Software Services,5815,381.9,152264990.8,20
NSE:ASHAPURMIN-EQ,ASHAPURMIN,Ashapura Minechem Limited,Metals & Mining,Mining/Minerals,5890,617.3,95415519.2,20
NSE:IONEXCHANG-EQ,IONEXCHANG,ION Exchange (India) Limited,Utilities,Water Supply & Management,5891,400.75,146999376.2,20
NSE:BECTORFOOD-EQ,BECTORFOOD,Mrs. Bectors Food Specialities Limited,FMCG,Food Products,5900,192.22,306939964.6,20
NSE:BALUFORGE-EQ,BALUFORGE,Balu Forge Industries Limited,Capital Goods,Industrial Products & Manufacturing,5905,486.05,121489558.7,20
NSE:FIEMIND-EQ,FIEMIND,Fiem Industries Limited,Auto,Auto Ancilaries,5951,2259.1,26342348.72,20
NSE:SFL-EQ,SFL,Sheela Foam Limited,Consumer Durables,Home Furnishing,5961,547.85,108807155.2,20
NSE:RENUKA-EQ,RENUKA,Shree Renuka Sugars Limited,FMCG,Sugar,5991,28.17,2126730564,20
NSE:SAATVIKGL-EQ,SAATVIKGL,Saatvik Green Energy Limited,Capital Goods,Electrical - Power Equipment,6008,472.25,127220751.7,10
NSE:GOKULAGRO-EQ,GOKULAGRO,Gokul Agro Resources Limited,FMCG,Edible Oils & Solvent Extraction,6080,205.84,295375048.6,20
NSE:DCBBANK-EQ,DCBBANK,DCB Bank Limited,Financial Services,Private Banks,6091,189.83,320866038,20
NSE:THYROCARE-EQ,THYROCARE,Thyrocare Technologies Limited,Healthcare,Medical Diagnostics,6193,389.05,159182624.3,20
NSE:SMLMAH-EQ,SMLMAH,SML Isuzu Limited,Auto,Auto Manufacturers,6255,4319.2,14481848.49,10
NSE:PRSMJOHNSN-EQ,PRSMJOHNSN,Prism Johnson Limited,Construction,Cement,6296,125.24,502714787.6,20
NSE:ARVINDFASN-EQ,ARVINDFASN,Arvind Fashions Limited,Textiles,Textiles,6307,472.65,133439119.9,20
NSE:AARTIPHARM-EQ,AARTIPHARM,Aarti Pharmalabs Limited,Healthcare,Pharmaceuticals,6330,697.75,90720171.98,20
NSE:ETHOSLTD-EQ,ETHOSLTD,Ethos Limited,Consumer Durables,Jewellery,6404,2397.5,26711157.46,20
NSE:LATENTVIEW-EQ,LATENTVIEW,Latent View Analytics Limited,Information Technology,Software Services,6439,310.95,207075092.5,20
NSE:PRAJIND-EQ,PRAJIND,Praj Industries Limited,Construction,Breweries & Distilleries,6451,350.9,183841550.3,20
NSE:TANLA-EQ,TANLA,Tanla Platforms Limited,Information Technology,Software Products,6513,491.1,132620647.5,20
NSE:PARAS-EQ,PARAS,Paras Defence and Space Technologies Limited,Capital Goods,Aerospace & Defense,6517,809.15,80541308.78,20
NSE:INDIAGLYCO-EQ,INDIAGLYCO,India Glycols Limited,Chemicals,Chemicals Specialty,6532,974.1,67056770.35,20
NSE:INOXGREEN-EQ,INOXGREEN,Inox Green Energy Services Limited,Power,Energy-Alternative,6540,163.03,401153162,20
NSE:SKYGOLD-EQ,SKYGOLD,SKY GOLD AND DIAMONDS LIMITED,Consumer Durables,Jewellery,6558,423.35,154907287.1,20
NSE:SAREGAMA-EQ,SAREGAMA,Saregama India Limited,Media Entertainment & Publication,Media & Entertainment,6621,343.9,192526897.4,20
NSE:JAIBALAJI-EQ,JAIBALAJI,Jai Balaji Industries Limited,Metals & Mining,Iron & Steel,6623,72.48,913769315.7,20
NSE:MOIL-EQ,MOIL,MOIL Limited,Metals & Mining,Mining/Minerals,6674,327.95,203506632.1,20
NSE:WELENT-EQ,WELENT,Welspun Enterprises Limited,Construction,Civil Construction,6697,483.8,138424969,20
NSE:AVL-EQ,AVL,Aditya Vision Limited,Consumer Services,Speciality Retail,6761,523.45,129162288.7,20
NSE:REDTAPE-EQ,REDTAPE,Redtape Limited,Consumer Durables,Footwear,6765,122.3,553147996.7,20
NSE:JKPAPER-EQ,JKPAPER,JK Paper Limited,Forest Materials,Paper & Paper Products,6790,374.75,181187458.3,20
NSE:GAEL-EQ,GAEL,Gujarat Ambuja Exports Limited,FMCG,Edible Oils & Solvent Extraction,6799,148.22,458710025.6,20
NSE:LOTUSDEV-EQ,LOTUSDEV,Sri Lotus Developers and Realty Limited,Realty,Real Estate,6832,139.93,488244122.1,5
NSE:SUDARSCHEM-EQ,SUDARSCHEM,Sudarshan Chemical Industries Limited,Chemicals,Chemicals Specialty,6845,873.75,78340486.41,20
NSE:CERA-EQ,CERA,Cera Sanitaryware Limited,Consumer Durables,Household Appliances,6878,5325.1,12916189.37,20
NSE:NEWGEN-EQ,NEWGEN,Newgen Software Technologies Limited,Information Technology,Software Services,6879,483.5,142275077.6,20
NSE:RATEGAIN-EQ,RATEGAIN,Rategain Travel Technologies Limited,Consumer Services,Tour & Travel services,6888,583.65,118015934.2,20
NSE:MIDHANI-EQ,MIDHANI,Mishra Dhatu Nigam Limited,Capital Goods,Aerospace & Defense,6923,369.6,187310606.1,20
NSE:GSFC-EQ,GSFC,Gujarat State Fertilizers & Chemicals Limited,Chemicals,Fertilizers,6926,174.07,397885908,20
NSE:CSBBANK-EQ,CSBBANK,CSB Bank Limited,Financial Services,Private Banks,6935,399.85,173440040,20
NSE:BORORENEW-EQ,BORORENEW,BOROSIL RENEWABLES LIMITED,Capital Goods,Glass,6981,497.7,140265220,20
NSE:EMBDL-EQ,EMBDL,Embassy Developments Limited,Realty,Real Estate,6982,50.21,1390559649,5
NSE:DYNAMATECH-EQ,DYNAMATECH,Dynamatic Technologies Limited,Auto,Auto Ancilaries,7025,10327.5,6802227.064,20
NSE:V2RETAIL-EQ,V2RETAIL,V2 Retail Limited,Textiles,Apparels,7054,193.44,364660876.8,20
NSE:SHAKTIPUMP-EQ,SHAKTIPUMP,Shakti Pumps (India) Limited,Capital Goods,Pumps,7082,573.75,123433551.2,20
NSE:ALOKINDS-EQ,ALOKINDS,Alok Industries Limited,Textiles,Textiles,7095,14.29,4965010497,20
NSE:PRICOLLTD-EQ,PRICOLLTD,Pricol Limited,Auto,Auto Ancilaries,7148,586.8,121813224.3,20
NSE:GNFC-EQ,GNFC,Gujarat Narmada Valley Fertilizers and Chemicals Limited,Chemicals,Fertilizers,7190,489.7,146824586.5,20
NSE:WESTLIFE-EQ,WESTLIFE,WESTLIFE FOODWORLD LIMITED,Consumer Services,Restaurants,7208,464.35,155227737.7,20
NSE:SUDEEPPHRM-EQ,SUDEEPPHRM,Sudeep Pharma Limited,Healthcare,Pharmaceuticals,7253,645.45,112371213.9,10
NSE:RCF-EQ,RCF,Rashtriya Chemicals and Fertilizers Limited,Chemicals,Fertilizers,7261,131.77,551035895.9,20
NSE:YATHARTH-EQ,YATHARTH,Yatharth Hospital & Trauma Care Services Limited,Healthcare,Hospitals,7297,755.75,96553092.95,20
NSE:WEWORK-EQ,WEWORK,WeWork India Management Limited,Services,Diversified Commercial Services,7321,539.6,135674573.8,20
NSE:BLUEJET-EQ,BLUEJET,Blue Jet Healthcare Limited,Healthcare,Pharmaceuticals,7334,422.65,173524192.6,10
NSE:ALKYLAMINE-EQ,ALKYLAMINE,Alkyl Amines Chemicals Limited,Chemicals,Chemicals Specialty,7337,1437.5,51040000,20
NSE:DBL-EQ,DBL,Dilip Buildcon Limited,Construction,Civil Construction,7425,457,162472647.7,20
NSE:RELIGARE-EQ,RELIGARE,Religare Enterprises Limited,Financial Services,Finance & Investment,7431,223.4,332632050.1,20
NSE:AVALON-EQ,AVALON,Avalon Technologies Limited,Capital Goods,EMS,7469,1119.3,66729205.75,20
NSE:ACI-EQ,ACI,Archean Chemical Industries Limited,Chemicals,Agro chemicals,7481,606.65,123316574.6,20
NSE:TIPSMUSIC-EQ,TIPSMUSIC,Tips Music Limited,Media Entertainment & Publication,Media & Entertainment,7486,585.55,127845615.2,20
NSE:EPL-EQ,EPL,EPL Limited,Capital Goods,Packaging,7489,233.55,320659387.7,20
NSE:EQUITASBNK-EQ,EQUITASBNK,Equitas Small Finance Bank Limited,Financial Services,Private Banks,7493,65.6,1142225610,20
NSE:BIRLACORPN-EQ,BIRLACORPN,Birla Corporation Limited,Construction,Cement,7535,976.15,77191005.48,20
NSE:TEJASNET-EQ,TEJASNET,Tejas Networks Limited,Telecommunication,Telecom - Equipment & Accessories,7554,424.55,177929572.5,20
NSE:POWERMECH-EQ,POWERMECH,Power Mech Projects Limited,Construction,Civil Construction,7564,2376,31835016.84,20
NSE:CAMPUS-EQ,CAMPUS,Campus Activewear Limited,Consumer Durables,Footwear,7575,247.82,305665402.3,20
NSE:PGIL-EQ,PGIL,Pearl Global Industries Limited,Textiles,Textiles,7581,1642.9,46144013.63,20
NSE:RELAXO-EQ,RELAXO,Relaxo Footwears Limited,Consumer Durables,Footwear,7687,309.03,248746076.4,20
NSE:SAFARI-EQ,SAFARI,Safari Industries (India) Limited,Consumer Durables,Leisure Products,7711,1577.5,48881141.05,20
NSE:GPPL-EQ,GPPL,Gujarat Pipavav Port Limited,Capital Goods,Ship building & Allied services,7767,160.92,482662192.4,20
NSE:ZEEL-EQ,ZEEL,Zee Entertainment Enterprises Limited,Media Entertainment & Publication,TV Broadcasting & Software,7783,81.04,960389930.9,20
NSE:TRANSRAILL-EQ,TRANSRAILL,Transrail Lighting Limited,Construction,Civil Construction,7798,581.5,134101461.7,20
NSE:LLOYDSENGG-EQ,LLOYDSENGG,LLOYDS ENGINEERING WORKS LIMITED,Metals & Mining,Iron & Steel,7811,55.86,1398317222,20
NSE:ABFRL-EQ,ABFRL,Aditya Birla Fashion and Retail Limited,Consumer Services,Retail-Department Stores,7817,64.11,1219310560,20
NSE:IXIGO-EQ,IXIGO,Le Travenues Technology Limited,Consumer Services,Tour & Travel services,7829,178.86,437716649.9,20
NSE:SONATSOFTW-EQ,SONATSOFTW,Sonata Software Limited,Information Technology,Software Services,7860,280.34,280373831.8,20
NSE:DIACABS-EQ,DIACABS,Diamond Power Infrastructure Limited,Capital Goods,Electrical - Power Equipment,7890,149.61,527371165,10
NSE:KRN-EQ,KRN,KRN Heat Exchanger and Refrigeration Limited,Capital Goods,Industrial Products & Manufacturing,7895,1269.9,62170249.63,20
NSE:UTLSOLAR-EQ,UTLSOLAR,Fujiyama Power Systems Limited,Capital Goods,Electrical - Power Equipment,7930,258.92,306272207.6,10
NSE:BLUESTONE-EQ,BLUESTONE,BlueStone Jewellery and Lifestyle Limited,Consumer Durables,Jewellery,7941,521.5,152272291.5,20
NSE:AXISCADES-EQ,AXISCADES,AXISCADES Technologies Limited,Capital Goods,Aerospace & Defense,8020,1885.5,42535136.57,5
NSE:KRBL-EQ,KRBL,KRBL Limited,FMCG,Food Products,8022,351.05,228514456.6,20
NSE:SHILPAMED-EQ,SHILPAMED,Shilpa Medicare Limited,Healthcare,Medical-Diversified,8044,410.55,195932286,20
NSE:CLEAN-EQ,CLEAN,Clean Science and Technology Limited,Chemicals,Chemicals Specialty,8048,757.4,106258251.9,20
NSE:MARKSANS-EQ,MARKSANS,Marksans Pharma Limited,Healthcare,Medical-Diversified,8107,179.23,452323829.7,20
NSE:KIRLPNU-EQ,KIRLPNU,Kirloskar Pneumatic Company Limited,Capital Goods,Industrial Products & Manufacturing,8200,1263.4,64904226.69,20
NSE:VARROC-EQ,VARROC,Varroc Engineering Limited,Auto,Auto Ancilaries,8245,539.2,152911721.1,20
NSE:VIKRAMSOLR-EQ,VIKRAMSOLR,Vikram Solar Limited,Power,Power Generation & Distribution,8275,228.56,362049352.5,20
NSE:RHIM-EQ,RHIM,RHI MAGNESITA INDIA LIMITED,Construction,Construction Products Miscallaneous,8302,401.9,206568798.2,20
NSE:JKLAKSHMI-EQ,JKLAKSHMI,JK Lakshmi Cement Limited,Construction,Cement,8371,673.7,124254119,20
NSE:SKFINDIA-EQ,SKFINDIA,SKF India Limited,Capital Goods,Industrial Products & Manufacturing,8435,1705.7,49451837.96,20
NSE:IMFA-EQ,IMFA,Indian Metals & Ferro Alloys Limited,Metals & Mining,Iron & Steel,8441,1565.4,53922320.17,20
NSE:HCG-EQ,HCG,Healthcare Global Enterprises Limited,Healthcare,Hospitals,8457,565.35,149588750.3,20
NSE:JLHL-EQ,JLHL,Jupiter Life Line Hospitals Limited,Healthcare,Hospitals,8462,1281.9,66011389.34,20
NSE:MANORAMA-EQ,MANORAMA,Manorama Industries Limited,FMCG,Food Products,8476,1417.7,59786978.91,20
NSE:NESCO-EQ,NESCO,Nesco Limited,Realty,Real Estate,8515,1208.4,70465077.79,20
NSE:JSLL-EQ,JSLL,Jeena Sikho Lifecare Limited,Healthcare,Pharmaceuticals,8523,686.25,124196721.3,20
NSE:GMRP&UI-EQ,GMRP&UI,GMR Power and Urban Infra Limited,Diversified,Diversified Operations,8578,109.98,779959992.7,20
NSE:AKUMS-EQ,AKUMS,Akums Drugs and Pharmaceuticals Limited,Healthcare,Pharmaceuticals,8594,545.75,157471369.7,10
NSE:TRIVENI-EQ,TRIVENI,Triveni Engineering & Industries Limited,FMCG,Sugar,8598,392.95,218806463.9,20
NSE:ASKAUTOLTD-EQ,ASKAUTOLTD,ASK Automotive Limited,Auto,Auto Ancilaries,8611,436.8,197138278.4,20
NSE:MAHSEAMLES-EQ,MAHSEAMLES,Maharashtra Seamless Limited,Metals & Mining,Iron & Steel,8612,642.9,133955514.1,20
NSE:WABAG-EQ,WABAG,VA Tech Wabag Limited,Utilities,Water Supply & Management,8655,1389.5,62288593.02,20
NSE:SHAILY-EQ,SHAILY,Shaily Engineering Plastics Limited,Chemicals,Chemicals-Plastics,8657,1885,45925729.44,20
NSE:INDIASHLTR-EQ,INDIASHLTR,India Shelter Finance Corporation Limited,Financial Services,Housing Finance,8734,803.25,108733271.1,20
NSE:JYOTHYLAB-EQ,JYOTHYLAB,Jyothy Labs Limited,FMCG,Personal Care,8755,238.34,367332382.3,20
NSE:ORKLAINDIA-EQ,ORKLAINDIA,Orkla India Limited,FMCG,Food Products,8771,639.15,137229132.4,20
NSE:KPIGREEN-EQ,KPIGREEN,KPI Green Energy Limited,Power,Energy-Alternative,8847,448.25,197367540.4,20
NSE:CARTRADE-EQ,CARTRADE,Cartrade Tech Limited,Consumer Services,E- Commerce,8900,1858,47900968.78,20
NSE:TTML-EQ,TTML,Tata Teleservices (Maharashtra) Limited,Telecommunication,Telecom - Cellular & Fixed line services,8915,45.68,1951619965,20
NSE:BANCOINDIA-EQ,BANCOINDIA,Banco Products (I) Limited,Auto,Auto Ancilaries,8954,624.95,143275462,20
NSE:STARCEMENT-EQ,STARCEMENT,Star Cement Limited,Construction,Cement,8988,222.36,404209390.2,20
NSE:TSFINV-EQ,TSFINV,Sundaram Finance Holdings Limited,Financial Services,NBFC,9004,405.4,222101628,20
NSE:PNGJL-EQ,PNGJL,P N Gadgil Jewellers Limited,Consumer Durables,Jewellery,9070,667.65,135849621.8,10
NSE:VIYASH-EQ,VIYASH,Sequent Scientific Limited,Healthcare,Medical-Diversified,9071,208.25,435582232.9,20
NSE:LEMONTREE-EQ,LEMONTREE,Lemon Tree Hotels Limited,Consumer Services,Hotels,9073,114.55,792055870.8,20
NSE:PVRINOX-EQ,PVRINOX,PVR INOX Limited,Media Entertainment & Publication,Film Production & Distribution,9208,937.65,98202954.19,20
NSE:STAR-EQ,STAR,Strides Pharma Science Limited,Healthcare,Pharmaceuticals,9219,1000.25,92166958.26,20
NSE:GRWRHITECH-EQ,GRWRHITECH,Garware Hi-Tech Films Limited,Chemicals,Chemicals-Plastics,9247,3985.6,23201023.69,20
NSE:ELECON-EQ,ELECON,Elecon Engineering Company Limited,Capital Goods,Industrial Products & Manufacturing,9250,412.75,224106602.1,20
NSE:EUREKAFORB-EQ,EUREKAFORB,Eureka Forbes Limited,Consumer Durables,Household Appliances,9283,481.6,192753322.3,20
NSE:PCJEWELLER-EQ,PCJEWELLER,PC Jeweller Limited,Consumer Durables,Jewellery,9302,9.58,9709812109,20
NSE:KTKBANK-EQ,KTKBANK,The Karnataka Bank Limited,Financial Services,Private Banks,9307,246.23,377979937.5,20
NSE:QPOWER-EQ,QPOWER,Quality Power Electrical Equipments Limited,Capital Goods,Electrical - Power Equipment,9345,1206.05,77484349.74,20
NSE:JAYNECOIND-EQ,JAYNECOIND,Jayaswal Neco Industries Limited,Metals & Mining,Iron & Steel,9361,96.23,972773563.3,20
NSE:PARKHOSPS-EQ,PARKHOSPS,Park Medi World Limited,Healthcare,Hospitals,9396,216.47,434055527.3,10
NSE:LLOYDSENT-EQ,LLOYDSENT,Lloyds Enterprises Limited,Metals & Mining,Trading - Metals,9477,63.44,1493852459,20
NSE:BBOX-EQ,BBOX,Black Box Limited,Information Technology,Software Services,9533,541.25,176129330.3,20
NSE:CELLO-EQ,CELLO,Cello World Limited,Consumer Durables,Household Appliances,9543,431.55,221133124.8,20
NSE:TIMETECHNO-EQ,TIMETECHNO,Time Technoplast Limited,Chemicals,Chemicals-Plastics,9636,195.39,493167511.1,20
NSE:TARIL-EQ,TARIL,Transformers And Rectifiers (India) Limited,Capital Goods,Transformers,9668,322.3,299968973,20
NSE:INTELLECT-EQ,INTELLECT,Intellect Design Arena Limited,Financial Services,Financial Services-Specialty,9699,694.55,139644374.1,20
NSE:RKFORGE-EQ,RKFORGE,Ramkrishna Forgings Limited,Metals & Mining,Iron & Steel,9731,535.15,181836868.2,20
NSE:BATAINDIA-EQ,BATAINDIA,Bata India Limited,Consumer Durables,Footwear,9743,757.35,128645936.5,20
NSE:IIFLCAPS-EQ,IIFLCAPS,IIFL Capital Services Limited,Financial Services,Investment Banking & Broking,9760,313.44,311383358.9,20
NSE:METROPOLIS-EQ,METROPOLIS,Metropolis Healthcare Limited,Healthcare,Medical Diagnostics,9773,471.7,207186771.3,20
NSE:BALRAMCHIN-EQ,BALRAMCHIN,Balrampur Chini Mills Limited,FMCG,Sugar,9825,486,202160493.8,20
NSE:CORONA-EQ,CORONA,CORONA Remedies Limited,Healthcare,Pharmaceuticals,9909,1619.5,61185551.1,20
NSE:TITAGARH-EQ,TITAGARH,TITAGARH RAIL SYSTEMS LIMITED,Capital Goods,Railways,9983,741.05,134714256.8,20
NSE:SHARDACROP-EQ,SHARDACROP,Sharda Cropchem Limited,Chemicals,Agro chemicals,9996,1107.85,90228821.59,20
NSE:OLECTRA-EQ,OLECTRA,Olectra Greentech Limited,Auto,Auto Manufacturers,10061,1225.15,82120556.67,20
NSE:NAZARA-EQ,NAZARA,Nazara Technologies Limited,Information Technology,Software Services,10096,273.34,369356845,20
NSE:APOLLO-EQ,APOLLO,Apollo Micro Systems Limited,Capital Goods,Aerospace & Defense,10102,282.9,357087310,20
NSE:NCC-EQ,NCC,NCC Limited,Construction,Civil Construction,10115,161.26,627247922.6,20
NSE:SOUTHBANK-EQ,SOUTHBANK,The South Indian Bank Limited,Financial Services,Private Banks,10182,38.93,2615463653,20
NSE:ARVIND-EQ,ARVIND,Arvind Limited,Textiles,Textiles,10202,386.75,263787976.7,20
NSE:MMTC-EQ,MMTC,MMTC Limited,Metals & Mining,Mining/Minerals,10249,68.32,1500146370,20
NSE:VOLTAMP-EQ,VOLTAMP,Voltamp Transformers Limited,Capital Goods,Transformers,10297,10145,10149827.5,20
NSE:ASTRAMICRO-EQ,ASTRAMICRO,Astra Microwave Products Limited,Capital Goods,Aerospace & Defense,10382,1093.45,94947185.51,20
NSE:MEDPLUS-EQ,MEDPLUS,Medplus Health Services Limited,Healthcare,Pharmaceuticals,10514,877.8,119776714.5,20
NSE:VIJAYA-EQ,VIJAYA,Vijaya Diagnostic Centre Limited,Healthcare,Medical Diagnostics,10533,1022.55,103007187.9,20
NSE:ATLANTAELE-EQ,ATLANTAELE,Atlanta Electricals Limited,Capital Goods,Electrical - Power Equipment,10577,1375.7,76884495.17,10
NSE:JUBLINGREA-EQ,JUBLINGREA,Jubilant Ingrevia Limited,Diversified,Diversified Operations,10595,665.2,159275405.9,20
NSE:SANDUMA-EQ,SANDUMA,Sandur Manganese & Iron Ores Limited,Metals & Mining,Mining/Minerals,10612,218.47,485741749.4,20
NSE:BBTC-EQ,BBTC,Bombay Burmah Trading Corporation Limited,FMCG,Food Products,10642,1526.4,69719601.68,20
NSE:RITES-EQ,RITES,RITES Limited,Capital Goods,Railways,10669,221.95,480693850,20
NSE:CYIENT-EQ,CYIENT,Cyient Limited,Information Technology,Software Services,10689,962.3,111077626.5,20
NSE:AAVAS-EQ,AAVAS,Aavas Financiers Limited,Financial Services,Housing Finance,10702,1347.9,79397581.42,20
NSE:SBFC-EQ,SBFC,SBFC Finance Limited,Financial Services,NBFC,10752,97.35,1104468413,20
NSE:RAILTEL-EQ,RAILTEL,Railtel Corporation Of India Limited,Telecommunication,Railways,10758,335.29,320856571.9,20
NSE:MANYAVAR-EQ,MANYAVAR,Vedant Fashions Limited,Textiles,Apparels,10787,442.55,243746469.3,20
NSE:TMB-EQ,TMB,Tamilnad Mercantile Bank Limited,Financial Services,Private Banks,10820,683.75,158244972.6,20
NSE:FINPIPE-EQ,FINPIPE,Finolex Industries Limited,Construction,Construction Products Miscallaneous,10832,174.59,620424995.7,20
NSE:BSOFT-EQ,BSOFT,BIRLASOFT LIMITED,Information Technology,Software Services,10921,390.7,279523931.4,20
NSE:ACE-EQ,ACE,Action Construction Equipment Limited,Capital Goods,Industrial Products & Manufacturing,10930,917.05,119186522,20
NSE:SWANCORP-EQ,SWANCORP,Swan Energy Limited,Textiles,Textiles,11104,354.85,312920952.5,20
NSE:NUVOCO-EQ,NUVOCO,Nuvoco Vistas Corporation Limited,Construction,Cement,11114,311.4,356904303.1,20
NSE:CEMPRO-EQ,CEMPRO,Cemindia Projects Limited,Construction,Civil Construction,11116,648.25,171477053.6,20
NSE:MGL-EQ,MGL,Mahanagar Gas Limited,"Oil, Gas & Consumable fuels",Gas Distribution,11121,1125.75,98787475.02,20
NSE:PCBL-EQ,PCBL,PCBL Chemical Limited,Chemicals,Chemicals Specialty,11220,285.41,393118671.4,20
NSE:HONASA-EQ,HONASA,Honasa Consumer Limited,FMCG,Personal Care,11236,345.3,325398204.5,20
NSE:SIGNATURE-EQ,SIGNATURE,Signatureglobal (India) Limited,Realty,Construction Residential & Commercial,11258,801.25,140505460.2,20
NSE:EDELWEISS-EQ,EDELWEISS,Edelweiss Financial Services Limited,Financial Services,Finance & Investment,11272,119.06,946749538,20
NSE:WHIRLPOOL-EQ,WHIRLPOOL,Whirlpool of India Limited,Consumer Durables,Household Appliances,11290,889.8,126882445.5,20
NSE:BLACKBUCK-EQ,BLACKBUCK,Zinka Logistics Solutions Limited,Services,Logistics,11298,623.4,181231953.8,20
NSE:CONCORDBIO-EQ,CONCORDBIO,Concord Biotech Limited,Healthcare,Biotechnology,11305,1081.7,104511417.2,20
NSE:PRUDENT-EQ,PRUDENT,Prudent Corporate Advisory Services Limited,Financial Services,Finance & Investment,11391,2752,41391715.12,20
NSE:UJJIVANSFB-EQ,UJJIVANSFB,Ujjivan Small Finance Bank Limited,Financial Services,Private Banks,11418,58.73,1944151200,20
NSE:AEQUS-EQ,AEQUS,Aequs Limited,Capital Goods,Industrial Products & Manufacturing,11470,171.06,670524962,20
NSE:CANFINHOME-EQ,CANFINHOME,Can Fin Homes Limited,Financial Services,Housing Finance,11569,868.7,133176010.1,20
NSE:TI-EQ,TI,Tilaknagar Industries Limited,FMCG,Breweries & Distilleries,11624,470,247319148.9,20
NSE:WAAREERTL-EQ,WAAREERTL,Waaree Renewable Technologies Limited,Power,Energy-Alternative,11657,1116.1,104444046.2,20
NSE:SKFINDUS-EQ,SKFINDUS,SKF India (Industrial) Limited,Capital Goods,Industrial Products & Manufacturing,11719,2358.4,49690468.11,20
NSE:INDGN-EQ,INDGN,Indegene Limited,Healthcare,Healthcare Research Analytics & Technology,11746,487.4,240993024.2,20
NSE:HOMEFIRST-EQ,HOMEFIRST,Home First Finance Company India Limited,Financial Services,Housing Finance,11764,1127.65,104323149.9,20
NSE:GODREJAGRO-EQ,GODREJAGRO,Godrej Agrovet Limited,FMCG,Food Products,11855,615.75,192529435.6,20
NSE:RPOWER-EQ,RPOWER,Reliance Power Limited,Power,Power Generation & Distribution,11857,28.68,4134239888,20
NSE:WELSPUNLIV-EQ,WELSPUNLIV,Welspun Living Limited,Textiles,Textiles,12027,125.42,958937968.4,20
NSE:GRAVITA-EQ,GRAVITA,Gravita India Limited,Metals & Mining,Mining/Minerals,12113,1640.8,73823744.51,20
NSE:IEX-EQ,IEX,Indian Energy Exchange Limited,Financial Services,Financial Services-Specialty,12120,135.81,892423238.3,No Band
NSE:HEG-EQ,HEG,HEG Limited,Capital Goods,Electrical - Power Equipment,12210,633,192890995.3,20
NSE:JWL-EQ,JWL,Jupiter Wagons Limited,Capital Goods,Railways,12230,286.23,427278761.8,20
NSE:LUMAXTECH-EQ,LUMAXTECH,Lumax Auto Technologies Limited,Auto,Auto Ancilaries,12241,1794.9,68198785.45,20
NSE:BLS-EQ,BLS,BLS International Services Limited,Services,Diversified Commercial Services,12243,296.85,412430520.5,20
NSE:PRIVISCL-EQ,PRIVISCL,Privi Speciality Chemicals Limited,Chemicals,Chemicals Specialty,12248,3133.1,39092272.83,20
NSE:AFCONS-EQ,AFCONS,Afcons Infrastructure Limited,Construction,Civil Construction,12272,333.6,367865707.4,20
NSE:AZAD-EQ,AZAD,Azad Engineering Limited,Metals & Mining,Iron & Steel,12298,1904.3,64580160.69,20
NSE:APTUS-EQ,APTUS,Aptus Value Housing Finance India Limited,Financial Services,Housing Finance,12334,246.37,500629135,20
NSE:JKTYRE-EQ,JKTYRE,JK Tyre & Industries Limited,Auto,Tyres & Rubber Products,12350,428.4,288281979.5,20
NSE:NSLNISP-EQ,NSLNISP,NMDC Steel Limited,Metals & Mining,Mining/Minerals,12475,42.58,2929779239,20
NSE:RAINBOW-EQ,RAINBOW,Rainbow Childrens Medicare Limited,Healthcare,Hospitals,12679,1248.4,101561999.4,20
NSE:BLUEDART-EQ,BLUEDART,Blue Dart Express Limited,Services,Logistics,12720,5391,23594880.36,20
NSE:MINDACORP-EQ,MINDACORP,Minda Corporation Limited,Auto,Auto Ancilaries,12763,532.8,239545795.8,20
NSE:STLTECH-EQ,STLTECH,Sterlite Technologies Limited,Information Technology,Computer-Networking,12876,263.08,489432872.1,5
NSE:ABLBL-EQ,ABLBL,Aditya Birla Lifestyle Brands Limited,Consumer Services,Retail-Department Stores,12900,105.84,1218820862,20
NSE:INDIACEM-EQ,INDIACEM,The India Cements Limited,Construction,Cement,12907,415.6,310563041.4,20
NSE:PARADEEP-EQ,PARADEEP,Paradeep Phosphates Limited,Chemicals,Agro chemicals,12910,124.33,1038365640,20
NSE:INDIAMART-EQ,INDIAMART,Indiamart Intermesh Limited,Consumer Services,E- Commerce,13047,2170.9,60099497.9,20
NSE:TEGA-EQ,TEGA,Tega Industries Limited,Capital Goods,Industrial Products & Manufacturing,13079,1738,75253164.56,20
NSE:THANGAMAYL-EQ,THANGAMAYL,Thangamayil Jewellery Limited,Consumer Durables,Jewellery,13088,4210.6,31083456.04,20
NSE:ALIVUS-EQ,ALIVUS,Alivus Life Sciences Limited,Healthcare,Pharmaceuticals,13104,1069.65,122507362.2,20
NSE:JPPOWER-EQ,JPPOWER,Jaiprakash Power Ventures Limited,Power,Energy-Alternative,13131,19.2,6839062500,20
NSE:JMFINANCIL-EQ,JMFINANCIL,JM Financial Limited,Financial Services,Finance & Investment,13136,137.39,956110342.8,20
NSE:FIRSTCRY-EQ,FIRSTCRY,Brainbees Solutions Limited,Consumer Services,E- Commerce,13149,251.86,522075756.4,20
NSE:GRAPHITE-EQ,GRAPHITE,Graphite India Limited,Capital Goods,Electrical - Power Equipment,13258,679.2,195200235.6,20
NSE:DEVYANI-EQ,DEVYANI,Devyani International Limited,Consumer Services,Restaurants,13258,107.7,1231012071,20
NSE:UTIAMC-EQ,UTIAMC,UTI Asset Management Company Limited,Financial Services,Asset Management,13291,1034.8,128440278.3,20
NSE:TRIDENT-EQ,TRIDENT,Trident Limited,Textiles,Textiles,13310,26.12,5095712098,20
NSE:CAPLIPOINT-EQ,CAPLIPOINT,Caplin Point Laboratories Limited,Healthcare,Pharmaceuticals,13449,1770.9,75944435.03,20
NSE:INOXINDIA-EQ,INOXINDIA,INOX India Limited,Capital Goods,Industrial Products & Manufacturing,13531,1491.7,90708587.52,20
NSE:ENGINERSIN-EQ,ENGINERSIN,Engineers India Limited,Services,Diversified Commercial Services,13579,241.8,561579818,20
NSE:USHAMART-EQ,USHAMART,Usha Martin Limited,Metals & Mining,Iron & Steel,13701,448.8,305280748.7,20
NSE:ZENSARTECH-EQ,ZENSARTECH,Zensar Technologies Limited,Information Technology,Software Services,13706,602.65,227428855.9,20
NSE:CUPID-EQ,CUPID,Cupid Limited,FMCG,Personal Care,13883,103.16,1345773556,20
NSE:FIVESTAR-EQ,FIVESTAR,Five-Star Business Finance Limited,Financial Services,NBFC,13927,471.85,295157359.3,20
NSE:KIRLOSBROS-EQ,KIRLOSBROS,Kirloskar Brothers Limited,Capital Goods,Pumps,13998,1764.3,79340248.26,20
NSE:AGARWALEYE-EQ,AGARWALEYE,Dr. Agarwal's Health Care Limited,Healthcare,Hospitals,14044,444.05,316270690.2,20
NSE:TBOTEK-EQ,TBOTEK,TBO Tek Limited,Consumer Services,Tour & Travel services,14050,1293.8,108594836.9,20
NSE:CANHLIFE-EQ,CANHLIFE,Canara HSBC Life Insurance Company Limited,Financial Services,Life Insurance,14229,149.73,950310559,20
NSE:SCI-EQ,SCI,Shipping Corporation Of India Limited,Capital Goods,Ship building & Allied services,14234,305.87,465361101.1,20
NSE:ARE&M-EQ,ARE&M,Amara Raja Energy & Mobility Limited,Auto,Auto Ancilaries,14250,778.55,183032560.5,20
NSE:SOBHA-EQ,SOBHA,Sobha Limited,Realty,Real Estate,14260,1332.2,107040984.8,20
NSE:THELEELA-EQ,THELEELA,Schloss Bangalore Limited,Consumer Services,Hotels,14266,426.9,334176622.2,10
NSE:TECHNOE-EQ,TECHNOE,Techno Electric & Engineering Company Limited,Construction,Civil Construction,14340,1234.25,116183917.4,20
NSE:VGUARD-EQ,VGUARD,V-Guard Industries Limited,Capital Goods,Electrical - Power Equipment,14368,328.85,436916527.3,20
NSE:FINCABLES-EQ,FINCABLES,Finolex Cables Limited,Capital Goods,Cables - Electricals,14383,940.55,152921163.1,20
NSE:J&KBANK-EQ,J&KBANK,The Jammu & Kashmir Bank Limited,Financial Services,Private Banks,14449,131.25,1100876190,20
NSE:DOMS-EQ,DOMS,DOMS Industries Limited,FMCG,Stationary,14519,2391.5,60710850.93,20
NSE:JUBLPHARMA-EQ,JUBLPHARMA,Jubilant Pharmova Limited,Healthcare,Medical-Diversified,14539,910.9,159611373.4,20
NSE:CCL-EQ,CCL,CCL Products (India) Limited,FMCG,Tea & Coffee,14541,1089.4,133477143.4,20
NSE:IRCON-EQ,IRCON,Ircon International Limited,Capital Goods,Railways,14545,154.69,940267632,20
NSE:SPLPETRO-EQ,SPLPETRO,Supreme Petrochem Limited,Chemicals,Petrochemicals,14547,774.8,187751677.9,20
NSE:JAINREC-EQ,JAINREC,Jain Resource Recycling Limited,Metals & Mining,Metal Fabrication,14547,421,345534441.8,20
NSE:GABRIEL-EQ,GABRIEL,Gabriel India Limited,Auto,Auto Ancilaries,14556,1014.35,143500764,20
NSE:ZENTEC-EQ,ZENTEC,Zen Technologies Limited,Capital Goods,Aerospace & Defense,14581,1616.5,90201051.65,20
NSE:HFCL-EQ,HFCL,HFCL Limited,Telecommunication,Telecom - Infrastructure,14614,95.49,1530422034,20
NSE:ANURAS-EQ,ANURAS,Anupam Rasayan India Limited,Chemicals,Chemicals Specialty,14645,1288,113703416.1,20
NSE:LTFOODS-EQ,LTFOODS,LT Foods Limited,FMCG,Food Products,14652,422,347203791.5,20
NSE:BEML-EQ,BEML,BEML Limited,Capital Goods,Industrial Products & Manufacturing,14760,1772.4,83276912.66,20
NSE:JBMA-EQ,JBMA,JBM Auto Limited,Auto,Auto Ancilaries,14765,624.2,236542774.8,20
NSE:NIVABUPA-EQ,NIVABUPA,Niva Bupa Health Insurance Company Limited,Financial Services,General Insurance,14805,80.11,1848083885,20
NSE:RUBICON-EQ,RUBICON,Rubicon Research Limited,Healthcare,Pharmaceuticals,14811,898.9,164768049.8,20
NSE:SANSERA-EQ,SANSERA,Sansera Engineering Limited,Auto,Auto Ancilaries,14829,2378.3,62351259.3,20
NSE:POLYMED-EQ,POLYMED,Poly Medicure Limited,Healthcare,Medical Equipment & Supplies,14871,1467.4,101342510.6,20
NSE:COHANCE-EQ,COHANCE,Suven Pharmaceuticals Limited,Healthcare,Pharmaceuticals,14928,390.55,382230188.2,20
NSE:MTARTECH-EQ,MTARTECH,Mtar Technologies Limited,Capital Goods,Aerospace & Defense,14947,4857.8,30769072.42,20
NSE:MAHSCOOTER-EQ,MAHSCOOTER,Maharashtra Scooters Limited,Auto,Auto Ancilaries,14998,13116,11434888.69,20
NSE:CEATLTD-EQ,CEATLTD,CEAT Limited,Auto,Tyres & Rubber Products,15018,3716.1,40413336.56,20
NSE:JINDALSAW-EQ,JINDALSAW,Jindal Saw Limited,Metals & Mining,Iron & Steel,15118,236.28,639834095.1,20
NSE:GSPL-EQ,GSPL,Gujarat State Petronet Limited,"Oil, Gas & Consumable fuels",Gas Distribution,15341,272.41,563158474.4,20
NSE:ECLERX-EQ,ECLERX,eClerx Services Limited,Information Technology,Software Services,15354,1631.1,94132793.82,20
NSE:EIDPARRY-EQ,EIDPARRY,EID Parry India Limited,FMCG,Sugar,15379,865.15,177761081.9,20
NSE:APLLTD-EQ,APLLTD,Alembic Pharmaceuticals Limited,Healthcare,Pharmaceuticals,15412,784.75,196393756,20
NSE:KEC-EQ,KEC,KEC International Limited,Construction,Civil Construction,15446,580.05,266287389,20
NSE:CHENNPETRO-EQ,CHENNPETRO,Chennai Petroleum Corporation Limited,"Oil, Gas & Consumable fuels",Oil & Gas-Refining & Marketing,15519,1041.85,148956183.7,20
NSE:DEEPAKFERT-EQ,DEEPAKFERT,Deepak Fertilizers and Petrochemicals Corporation Limited,Chemicals,Fertilizers,15531,1230.35,126232372.9,20
NSE:TDPOWERSYS-EQ,TDPOWERSYS,TD Power Systems Limited,Capital Goods,Electrical - Power Equipment,15571,996.9,156194202,20
NSE:AETHER-EQ,AETHER,Aether Industries Limited,Chemicals,Chemicals Specialty,15648,1179.8,132632649.6,20
NSE:ZYDUSWELL-EQ,ZYDUSWELL,Zydus Wellness Limited,FMCG,Food Products,15857,499.25,317616424.6,20
NSE:ABREL-EQ,ABREL,Aditya Birla Real Estate Limited,Forest Materials,Paper & Paper Products,15863,1420.4,111679808.5,20
NSE:AARTIIND-EQ,AARTIIND,Aarti Industries Limited,Chemicals,Chemicals Specialty,15981,440.85,362504253.1,20
NSE:PGEL-EQ,PGEL,PG Electroplast Limited,Capital Goods,EMS,16024,561.4,285429283.9,No Band
NSE:ABDL-EQ,ABDL,Allied Blenders and Distillers Limited,FMCG,Breweries & Distilleries,16037,573.8,279487626.4,5
NSE:JYOTICNC-EQ,JYOTICNC,Jyoti CNC Automation Limited,Capital Goods,Industrial Products & Manufacturing,16086,707.3,227428248.3,20
NSE:IGIL-EQ,IGIL,International Gemmological Institute (India) Limited,Financial Services,Financial Services-Specialty,16104,372.85,431916320.2,10
NSE:CHOICEIN-EQ,CHOICEIN,Choice International Limited,Financial Services,Investment Banking & Broking,16133,724.8,222585540.8,20
NSE:VTL-EQ,VTL,Vardhman Textiles Limited,Textiles,Textiles,16140,557.6,289454806.3,20
NSE:GRANULES-EQ,GRANULES,Granules India Limited,Healthcare,Medical-Diversified,16253,655.7,247872502.7,20
NSE:KANSAINER-EQ,KANSAINER,Kansai Nerolac Paints Limited,Consumer Durables,Paints,16378,203.09,806440494.4,20
NSE:TRITURBINE-EQ,TRITURBINE,Triveni Turbine Limited,Capital Goods,Electrical Miscallaneous,16380,515.45,317780580.1,20
NSE:SHRIPISTON-EQ,SHRIPISTON,Shriram Pistons & Rings Limited,Auto,Auto Ancilaries,16448,3735.8,44028052.89,20
NSE:IFCI-EQ,IFCI,IFCI Limited,Financial Services,NBFC,16500,61.19,2696519039,20
NSE:BIKAJI-EQ,BIKAJI,Bikaji Foods International Limited,FMCG,Food Products,16565,660.05,250965835.9,20
NSE:RRKABEL-EQ,RRKABEL,R R Kabel Limited,Capital Goods,Cables - Electricals,16704,1475.6,113201409.6,20
NSE:CROMPTON-EQ,CROMPTON,Crompton Greaves Consumer Electricals Limited,Consumer Durables,Household Appliances,16833,261.45,643832472.7,No Band
NSE:KSB-EQ,KSB,Ksb Limited,Capital Goods,Pumps,16838,968.2,173910349.1,20
NSE:KFINTECH-EQ,KFINTECH,Kfin Technologies Limited,Financial Services,Finance & Investment,16839,976,172530737.7,No Band
NSE:INOXWIND-EQ,INOXWIND,Inox Wind Limited,Power,Energy-Alternative,16908,97.9,1727068437,No Band
NSE:FSL-EQ,FSL,Firstsource Solutions Limited,Information Technology,Software Services,16922,239.28,707204948.2,20
NSE:CENTURYPLY-EQ,CENTURYPLY,Century Plyboards (India) Limited,Forest Materials,Wood Products,16930,762.15,222134750.4,20
NSE:CHALET-EQ,CHALET,Chalet Hotels Limited,Consumer Services,Hotels,17074,779.95,218911468.7,20
NSE:JSWCEMENT-EQ,JSWCEMENT,JSW Cement Limited,Construction,Cement,17157,125.88,1362964728,20
NSE:TRAVELFOOD-EQ,TRAVELFOOD,Travel Food Services Limited,Consumer Services,Restaurants,17281,1310.9,131825463.4,10
NSE:ELGIEQUIP-EQ,ELGIEQUIP,Elgi Equipments Limited,Capital Goods,Industrial Products & Manufacturing,17399,549.15,316835108.8,20
NSE:CGCL-EQ,CGCL,Capri Global Capital Limited,Financial Services,NBFC,17484,182.13,959973645.2,20
NSE:SYNGENE-EQ,SYNGENE,Syngene International Limited,Healthcare,Healthcare Research Analytics & Technology,17592,436.6,402931745.3,20
NSE:ONESOURCE-EQ,ONESOURCE,Onesource Specialty Pharma Limited,Healthcare,Pharmaceuticals,17695,1543.5,114642047.3,20
NSE:SAMMAANCAP-EQ,SAMMAANCAP,Sammaan Capital Limited,Financial Services,Housing Finance,17900,154.53,1158351129,No Band
NSE:CARBORUNIV-EQ,CARBORUNIV,Carborundum Universal Limited,Capital Goods,Industrial Products & Manufacturing,17970,940.1,191149877.7,20
NSE:OLAELEC-EQ,OLAELEC,Ola Electric Mobility Limited,Auto,Auto Manufacturers,18009,40.82,4411807937,10
NSE:CASTROLIND-EQ,CASTROLIND,Castrol India Limited,"Oil, Gas & Consumable fuels",Lubricants,18011,182.27,988149448.6,20
NSE:TATACHEM-EQ,TATACHEM,Tata Chemicals Limited,Chemicals,Chemicals Specialty,18056,709.05,254650588.8,20
NSE:CHAMBLFERT-EQ,CHAMBLFERT,Chambal Fertilizers & Chemicals Limited,Chemicals,Fertilizers,18207,454.45,400638134,20
NSE:REDINGTON-EQ,REDINGTON,Redington Limited,Information Technology,Computer Hardware,18328,234.67,781011633.4,20
NSE:CRAFTSMAN-EQ,CRAFTSMAN,Craftsman Automation Limited,Capital Goods,Industrial Products & Manufacturing,18351,7691,23860356.26,20
NSE:EMMVEE-EQ,EMMVEE,Emmvee Photovoltaic Power Limited,Capital Goods,Electrical - Power Equipment,18387,265.54,692438050.8,10
NSE:ACMESOLAR-EQ,ACMESOLAR,Acme Solar Holdings Limited,Power,Power Generation & Distribution,18464,304.65,606072542.3,10
NSE:ANANTRAJ-EQ,ANANTRAJ,Anant Raj Limited,Realty,Real Estate,18488,513.4,360109076.7,20
NSE:CAMS-EQ,CAMS,Computer Age Management Services Limited,Financial Services,Finance & Investment,18610,750.15,248083716.6,No Band
NSE:CIEINDIA-EQ,CIEINDIA,CIE Automotive India Limited,Auto,Auto Ancilaries,18613,490.2,379702162.4,20
NSE:BRIGADE-EQ,BRIGADE,Brigade Enterprises Limited,Realty,Real Estate,18639,762.25,244526074.1,20
NSE:KAJARIACER-EQ,KAJARIACER,Kajaria Ceramics Limited,Construction,Construction Products Miscallaneous,18785,1178.35,159417830,20
NSE:SYRMA-EQ,SYRMA,Syrma SGS Technology Limited,Capital Goods,EMS,18856,978.1,192781924.1,20
NSE:BELRISE-EQ,BELRISE,Belrise Industries Limited,Auto,Auto Ancilaries,19047,214.1,889631013.5,20
NSE:DCMSHRIRAM-EQ,DCMSHRIRAM,DCM Shriram Limited,Chemicals,Chemicals Specialty,19120,1226.1,155941603.5,20
NSE:CUB-EQ,CUB,City Union Bank Limited,Financial Services,Private Banks,19166,257.82,743386859,20
NSE:ACUTAAS-EQ,ACUTAAS,Ami Organics Limited,Chemicals,Chemicals Specialty,19292,2361.7,81686920.44,20
NSE:ATUL-EQ,ATUL,Atul Limited,Chemicals,Chemicals Specialty,19437,6600,29450000,20
NSE:RBLBANK-EQ,RBLBANK,RBL Bank Limited,Financial Services,Private Banks,19505,315.55,618127079.7,No Band
NSE:DATAPATTNS-EQ,DATAPATTNS,Data Patterns (India) Limited,Capital Goods,Aerospace & Defense,19565,3494.2,55992788.05,20
NSE:NEULANDLAB-EQ,NEULANDLAB,Neuland Laboratories Limited,Healthcare,Medical-Diversified,19643,15295,12842759.07,20
NSE:EMAMILTD-EQ,EMAMILTD,Emami Limited,FMCG,Personal Care,19713,452.1,436031851.4,20
NSE:PPLPHARMA-EQ,PPLPHARMA,Piramal Pharma Limited,Healthcare,Medical-Diversified,19792,148.85,1329660732,No Band
NSE:NAVA-EQ,NAVA,NAVA LIMITED,Diversified,Diversified Operations,19893,703.1,282932726.5,20
NSE:ERIS-EQ,ERIS,Eris Lifesciences Limited,Healthcare,Biotechnology,20027,1445.5,138547215.5,20
NSE:NATCOPHARM-EQ,NATCOPHARM,Natco Pharma Limited,Healthcare,Medical-Diversified,20038,1119.7,178958649.6,20
NSE:AVANTIFEED-EQ,AVANTIFEED,Avanti Feeds Limited,FMCG,Agro Products,20074,1473.3,136251951.4,20
NSE:SAGILITY-EQ,SAGILITY,Sagility India Limited,Information Technology,Software Services,20101,42.93,4682273468,20
NSE:EIHOTEL-EQ,EIHOTEL,EIH Limited,Consumer Services,Hotels,20133,321.9,625442684.1,20
NSE:IIFL-EQ,IIFL,IIFL Finance Limited,Financial Services,NBFC,20135,473.35,425372346,20
NSE:CREDITACC-EQ,CREDITACC,CREDITACCESS GRAMEEN LIMITED,Financial Services,NBFC,20301,1264.8,160507590.1,20
NSE:GESHIP-EQ,GESHIP,The Great Eastern Shipping Company Limited,Capital Goods,Ship building & Allied services,20336,1424.3,142778908.9,20
NSE:GALLANTT-EQ,GALLANTT,Gallantt Ispat Limited,Metals & Mining,Iron & Steel,20423,853.45,239299314.5,10
NSE:GPIL-EQ,GPIL,Godawari Power And Ispat limited,Metals & Mining,Iron & Steel,20499,305.55,670888561.6,20
NSE:KPITTECH-EQ,KPITTECH,KPIT Technologies Limited,Information Technology,Software Services,20499,747.8,274124097.4,No Band
NSE:SAILIFE-EQ,SAILIFE,Sai Life Sciences Limited,Healthcare,Pharmaceuticals,20575,971.05,211884043,20
NSE:URBANCO-EQ,URBANCO,Urban Company Limited,Services,Diversified Commercial Services,20608,133.61,1542399521,20
NSE:AFFLE-EQ,AFFLE,Affle (India) Limited,Media Entertainment & Publication,Advertising,20687,1468.2,140900422.3,20
NSE:DEEPAKNTR-EQ,DEEPAKNTR,Deepak Nitrite Limited,Chemicals,Chemicals Specialty,20960,1538.1,136272023.9,20
NSE:SARDAEN-EQ,SARDAEN,Sarda Energy & Minerals Limited,Metals & Mining,Iron & Steel,20963,595.5,352023509.7,20
NSE:KPIL-EQ,KPIL,Kalpataru Projects International Limited,Construction,Civil Construction,21006,1231.7,170544775.5,20
NSE:AADHARHFC-EQ,AADHARHFC,Aadhar Housing Finance Limited,Financial Services,Housing Finance,21652,496.45,436136569.6,10
NSE:NETWEB-EQ,NETWEB,Netweb Technologies India Limited,Information Technology,Software Services,21696,3809,56959831.98,20
NSE:ASAHIINDIA-EQ,ASAHIINDIA,Asahi India Glass Limited,Auto,Auto Ancilaries,21698,851.25,254895741.6,20
NSE:HBLENGINE-EQ,HBLENGINE,HBL Engineering Limited,Capital Goods,Electrical - Power Equipment,21802,786.5,277202797.2,20
NSE:BAYERCROP-EQ,BAYERCROP,Bayer Cropscience Limited,Chemicals,Agro chemicals,22003,4898.2,44920583.07,20
NSE:SUMICHEM-EQ,SUMICHEM,Sumitomo Chemical India Limited,Chemicals,Agro chemicals,22009,442.4,497490958.4,20
NSE:AEGISVOPAK-EQ,AEGISVOPAK,Aegis Vopak Terminals Limited,"Oil, Gas & Consumable fuels",Oil & Gas-Integrated,22239,200.76,1107740586,10
NSE:PINELABS-EQ,PINELABS,Pine Labs Limited,Financial Services,Financial Services-Specialty,22255,193.53,1149950912,20
NSE:PFIZER-EQ,PFIZER,Pfizer Limited,Healthcare,Medical-Diversified,22647,4960.7,45652831.25,20
NSE:WOCKPHARMA-EQ,WOCKPHARMA,Wockhardt Limited,Healthcare,Pharmaceuticals,22672,1395.3,162488353.8,20
NSE:CESC-EQ,CESC,CESC Limited,Power,Power Generation & Distribution,22716,171.49,1324625343,20
NSE:MANAPPURAM-EQ,MANAPPURAM,Manappuram Finance Limited,Financial Services,NBFC,22760,268.9,846411305.3,No Band
NSE:GMDCLTD-EQ,GMDCLTD,Gujarat Mineral Development Corporation Limited,Metals & Mining,Mining/Minerals,23425,736.9,317885737.5,20
NSE:LALPATHLAB-EQ,LALPATHLAB,Dr. Lal Path Labs Ltd.,Healthcare,Medical Diagnostics,23477,1402.1,167441694.6,20
NSE:KIRLOSENG-EQ,KIRLOSENG,Kirloskar Oil Engines Limited,Capital Goods,Industrial Products & Manufacturing,23555,1618.4,145544982.7,20
NSE:PTCIL-EQ,PTCIL,PTC Industries Limited,Metals & Mining,Iron & Steel,23585,15703,15019423.04,20
NSE:IGL-EQ,IGL,Indraprastha Gas Limited,"Oil, Gas & Consumable fuels",Gas Distribution,23690,169.27,1399539198,20
NSE:TENNIND-EQ,TENNIND,Tenneco Clean Air India Limited,Auto,Auto Ancilaries,23895,591.7,403836403.6,20
NSE:RAMCOCEM-EQ,RAMCOCEM,The Ramco Cements Limited,Construction,Cement,23908,1011.05,236467039.2,20
NSE:TATATECH-EQ,TATATECH,Tata Technologies Limited,Information Technology,Consulting Services,23922,589.3,405939250,No Band
NSE:AWL-EQ,AWL,AWL Agri Business Limited,FMCG,Personal Care,24050,185.01,1299929734,20
NSE:PNBHOUSING-EQ,PNBHOUSING,PNB Housing Finance Limited,Financial Services,Housing Finance,24081,923.7,260701526.5,No Band
NSE:SHYAMMETL-EQ,SHYAMMETL,Shyam Metalics and Energy Limited,Metals & Mining,Iron & Steel,24153,864.2,279483915.8,20
NSE:SCHNEIDER-EQ,SCHNEIDER,Schneider Electric Infrastructure Limited,Capital Goods,Electrical - Power Equipment,24875,1036.05,240094590,5
NSE:AEGISLOG-EQ,AEGISLOG,Aegis Logistics Limited,Services,Logistics,24877,709.3,350726068,20
NSE:HSCL-EQ,HSCL,Himadri Speciality Chemical Limited,Chemicals,Chemicals Specialty,24886,493.55,504224496,20
NSE:SUNTV-EQ,SUNTV,Sun TV Network Limited,Media Entertainment & Publication,TV Broadcasting & Software,25337,643.25,393890400.3,20
NSE:NBCC-EQ,NBCC,NBCC (India) Limited,Construction,Civil Construction,25455,94.32,2698791349,No Band
NSE:NUVAMA-EQ,NUVAMA,Nuvama Wealth Management Limited,Financial Services,Finance & Investment,25489,1400.7,181973299.1,No Band
NSE:IKS-EQ,IKS,Inventurus Knowledge Solutions Limited,Information Technology,Software Services,25733,1499,171667778.5,20
NSE:GILLETTE-EQ,GILLETTE,Gillette India Limited,FMCG,Personal Care,25881,7939.5,32597770.64,20
NSE:MSUMI-EQ,MSUMI,Motherson Sumi Wiring India Limited,Capital Goods,Electrical - Power Equipment,26208,39.52,6631578947,20
NSE:TIMKEN-EQ,TIMKEN,Timken India Limited,Capital Goods,Industrial Products & Manufacturing,26387,3506.6,75249529.46,20
NSE:CPPLUS-EQ,CPPLUS,Aditya Infotech Limited,Capital Goods,Industrial Products & Manufacturing,26653,2264.3,117709667.4,10
NSE:PFOCUS-EQ,PFOCUS,Prime Focus Limited,Media Entertainment & Publication,Media & Entertainment,26817,345.05,777191711.3,20
NSE:KARURVYSYA-EQ,KARURVYSYA,Karur Vysya Bank Limited,Financial Services,Private Banks,26854,277.55,967537380.7,20
NSE:IRB-EQ,IRB,IRB Infrastructure Developers Limited,Construction,Civil Construction,26873,22.26,12072327044,20
NSE:ACC-EQ,ACC,ACC Limited,Construction,Cement,26893,1432.2,187774053.9,20
NSE:KIMS-EQ,KIMS,Krishna Institute of Medical Sciences Limited,Healthcare,Hospitals,27295,682.15,400131935.8,20
NSE:ZFCVINDIA-EQ,ZFCVINDIA,ZF Commercial Vehicle Control Systems India Limited,Auto,Auto Ancilaries,27500,14500,18965517.24,20
NSE:NIACL-EQ,NIACL,The New India Assurance Company Limited,Financial Services,General Insurance,27621,167.34,1650591610,20
NSE:AMBER-EQ,AMBER,Amber Enterprises India Limited,Capital Goods,EMS,28018,7958.5,35205126.59,No Band
NSE:EXIDEIND-EQ,EXIDEIND,Exide Industries Limited,Auto,Auto Ancilaries,28045,330,849848484.8,No Band
NSE:BANDHANBNK-EQ,BANDHANBNK,Bandhan Bank Limited,Financial Services,Private Banks,28095,174.47,1610305497,No Band
NSE:KAYNES-EQ,KAYNES,Kaynes Technology India Limited,Capital Goods,EMS,28233,4214.4,66991742.6,No Band
NSE:APOLLOTYRE-EQ,APOLLOTYRE,Apollo Tyres Limited,Auto,Tyres & Rubber Products,28281,445.4,634957341.7,20
NSE:WELCORP-EQ,WELCORP,Welspun Corp Limited,Metals & Mining,Iron & Steel,28412,1077.15,263770134.2,20
NSE:TATAELXSI-EQ,TATAELXSI,Tata Elxsi Limited,Information Technology,Software Products,28607,4592.5,62290691.34,No Band
NSE:ITI-EQ,ITI,ITI Limited,Telecommunication,Telecom - Equipment & Accessories,28616,297.33,962432314.3,20
NSE:HONAUT-EQ,HONAUT,Honeywell Automation India Limited,Capital Goods,Electrical Miscallaneous,29026,32785,8853439.073,20
NSE:CDSL-EQ,CDSL,Central Depository Services (India) Limited,Financial Services,Financial Services-Specialty,29117,1393.2,208993683.6,No Band
NSE:MEDANTA-EQ,MEDANTA,Global Health Limited,Healthcare,Hospitals,29235,1089.4,268358729.6,20
NSE:ANGELONE-EQ,ANGELONE,Angel One Limited,Financial Services,Investment Banking & Broking,29393,322.47,911495643,No Band
NSE:FORCEMOT-EQ,FORCEMOT,FORCE MOTORS LTD,Auto,Auto Manufacturers,29480,22378,13173652.69,No Band
NSE:GODIGIT-EQ,GODIGIT,Go Digit General Insurance Limited,Financial Services,General Insurance,29523,319.25,924761159,20
NSE:GLAND-EQ,GLAND,Gland Pharma Limited,Healthcare,Pharmaceuticals,29606,1797.4,164715700.5,20
NSE:STARHEALTH-EQ,STARHEALTH,Star Health and Allied Insurance Company Limited,Financial Services,General Insurance,29629,503.35,588636137.9,20
NSE:LICHSGFIN-EQ,LICHSGFIN,LIC Housing Finance Limited,Financial Services,Housing Finance,29703,540,550055555.6,No Band
NSE:HEXT-EQ,HEXT,Hexaware Technologies Limited,Information Technology,Software Services,30239,495.1,610765501.9,20
NSE:JUBLFOOD-EQ,JUBLFOOD,Jubilant Foodworks Limited,Consumer Services,Restaurants,30303,458.95,660268003.1,No Band
NSE:ANANDRATHI-EQ,ANANDRATHI,Anand Rathi Wealth Limited,Financial Services,Finance & Investment,30663,3689.8,83102065.15,20
NSE:CHOLAHLDNG-EQ,CHOLAHLDNG,Cholamandalam Financial Holdings Limited,Financial Services,Housing Finance,30792,1641.1,187630248,20
NSE:SJVN-EQ,SJVN,SJVN Limited,Power,Energy-Alternative,30859,78.62,3925082676,20
NSE:ABSLAMC-EQ,ABSLAMC,Aditya Birla Sun Life AMC Limited,Financial Services,Asset Management,30879,1068.25,289061549.3,20
NSE:PWL-EQ,PWL,Physicswallah Limited,Consumer Services,Education Services,30961,108.32,2858290251,20
NSE:GRSE-EQ,GRSE,Garden Reach Shipbuilders & Engineers Limited,Capital Goods,Ship building & Allied services,31058,2712,114520649,20
NSE:GODREJIND-EQ,GODREJIND,Godrej Industries Limited,Diversified,Diversified Operations,31255,927.5,336981132.1,20
NSE:KPRMILL-EQ,KPRMILL,K.P.R. Mill Limited,Textiles,Textiles,31683,927.7,341522043.8,20
NSE:EMCURE-EQ,EMCURE,Emcure Pharmaceuticals Limited,Healthcare,Pharmaceuticals,31712,1672.1,189653728.8,10
NSE:CRISIL-EQ,CRISIL,CRISIL Limited,Financial Services,Credit Rating Agencies,31793,4335.4,73333487.11,20
NSE:JBCHEPHARM-EQ,JBCHEPHARM,JB Chemicals & Pharmaceuticals Limited,Healthcare,Medical-Diversified,32084,1998,160580580.6,20
NSE:MRPL-EQ,MRPL,Mangalore Refinery and Petrochemicals Limited,"Oil, Gas & Consumable fuels",Oil & Gas-Refining & Marketing,32091,183.13,1752361710,20
NSE:NAVINFLUOR-EQ,NAVINFLUOR,Navin Fluorine International Limited,Chemicals,Chemicals Specialty,32222,6284,51276257.16,20
NSE:ATHERENERG-EQ,ATHERENERG,Ather Energy Limited,Auto,Auto Manufacturers,32580,850.95,382866208.4,20
NSE:CENTRALBK-EQ,CENTRALBK,Central Bank of India,Financial Services,PSU Banks,32630,36.06,9048807543,20
NSE:ENDURANCE-EQ,ENDURANCE,Endurance Technologies Limited,Auto,Auto Ancilaries,33463,2384.4,140341385.7,20
NSE:UCOBANK-EQ,UCOBANK,UCO Bank,Financial Services,PSU Banks,33568,26.77,12539409787,20
NSE:ITCHOTELS-EQ,ITCHOTELS,ITC Hotels Limited,Consumer Services,Hotels,33867,162.52,2083866601,20
NSE:GODFRYPHLP-EQ,GODFRYPHLP,Godfrey Phillips India Limited,FMCG,Tobacco,34420,2207.7,155908864.4,No Band
NSE:DELHIVERY-EQ,DELHIVERY,Delhivery Limited,Services,Logistics,34657,463,748531317.5,No Band
NSE:AJANTPHARM-EQ,AJANTPHARM,Ajanta Pharma Limited,Healthcare,Pharmaceuticals,34853,2790.2,124912192.7,20
NSE:3MINDIA-EQ,3MINDIA,3M India Limited,Diversified,Diversified Operations,35359,31410,11257242.92,20
NSE:ASTERDM-EQ,ASTERDM,Aster DM Healthcare Limited,Healthcare,Hospitals,35612,688.15,517503451.3,20
NSE:TATAINVEST-EQ,TATAINVEST,Tata Investment Corporation Limited,Financial Services,Finance & Investment,36069,712.65,506125026.3,20
NSE:POONAWALLA-EQ,POONAWALLA,Poonawalla Fincorp Limited,Financial Services,NBFC,36411,413.75,880024169.2,20
NSE:ESCORTS-EQ,ESCORTS,Escorts Kubota Limited,Capital Goods,Industrial Products & Manufacturing,36830,3295,111775417.3,20
NSE:FLUOROCHEM-EQ,FLUOROCHEM,Gujarat Fluorochemicals Limited,Chemicals,Chemicals Specialty,36908,3354.8,110015500.2,20
NSE:SONACOMS-EQ,SONACOMS,Sona BLW Precision Forgings Limited,Auto,Auto Ancilaries,36922,593.85,621739496.5,No Band
NSE:AIAENG-EQ,AIAENG,AIA Engineering Limited,Metals & Mining,Iron & Steel,36979,3961.5,93345954.82,20
NSE:LTTS-EQ,LTTS,L&T Technology Services Limited,Information Technology,Software Services,36985,3490.1,105971175.6,20
NSE:DALBHARAT-EQ,DALBHARAT,Dalmia Bharat Limited,Construction,Cement,37008,1971.7,187695896.9,No Band
NSE:IPCALAB-EQ,IPCALAB,IPCA Laboratories Limited,Healthcare,Pharmaceuticals,37255,1468.3,253728802,20
NSE:IREDA-EQ,IREDA,Indian Renewable Energy Development Agency Limited,Financial Services,NBFC,37374,133.01,2809863920,No Band
NSE:NH-EQ,NH,Narayana Hrudayalaya Ltd.,Healthcare,Hospitals,37485,1826.1,205273533.8,20
NSE:PIRAMALFIN-EQ,PIRAMALFIN,Piramal Finance Limited,Financial Services,Housing Finance,37985,1675.3,226735510.1,20
NSE:CONCOR-EQ,CONCOR,Container Corporation of India Limited,Services,Logistics,38332,503.1,761916120.1,No Band
NSE:BLUESTARCO-EQ,BLUESTARCO,Blue Star Limited,Consumer Durables,Household Appliances,38383,1866.1,205685654.6,No Band
NSE:AIIL-EQ,AIIL,Authum Investment & Infrastructure Limited,Financial Services,NBFC,39064,460.05,849125095.1,20
NSE:HUDCO-EQ,HUDCO,Housing & Urban Development Corporation Limited,Financial Services,Housing Finance,39423,196.91,2002082170,No Band
NSE:UBL-EQ,UBL,United Breweries Limited,FMCG,Breweries & Distilleries,39492,1493.6,264408141.4,20
NSE:ANTHEM-EQ,ANTHEM,Anthem Biosciences Limited,Healthcare,Pharmaceuticals,40538,721.1,562168908.6,20
NSE:PETRONET-EQ,PETRONET,Petronet LNG Limited,"Oil, Gas & Consumable fuels",Oil & Gas-Refining & Marketing,40973,273.22,1499633995,No Band
NSE:COCHINSHIP-EQ,COCHINSHIP,Cochin Shipyard Limited,Capital Goods,Ship building & Allied services,41140,1561.1,263532124.8,No Band
NSE:GLAXO-EQ,GLAXO,GlaxoSmithKline Pharmaceuticals Limited,Healthcare,Medical-Diversified,41582,2453.9,169452707.9,20
NSE:NLCINDIA-EQ,NLCINDIA,NLC India Limited,Power,Power Generation & Distribution,41591,300.65,1383369366,20
NSE:M&MFIN-EQ,M&MFIN,Mahindra & Mahindra Financial Services Limited,Financial Services,NBFC,41608,299.35,1389944881,20
NSE:PAGEIND-EQ,PAGEIND,Page Industries Limited,Textiles,Textiles,42366,37975,11156287.03,No Band
NSE:RADICO-EQ,RADICO,Radico Khaitan Limited,FMCG,Breweries & Distilleries,42681,3186.9,133926386.1,20
NSE:JKCEMENT-EQ,JKCEMENT,JK Cement Limited,Construction,Cement,42846,5543,77297492.33,20
NSE:ASTRAL-EQ,ASTRAL,Astral Limited,Construction,Construction Products Miscallaneous,43115,1605,268629283.5,No Band
NSE:TATACOMM-EQ,TATACOMM,Tata Communications Limited,Telecommunication,Telecom - Cellular & Fixed line services,43324,1521.1,284820195.9,20
NSE:KALYANKJIL-EQ,KALYANKJIL,Kalyan Jewellers India Limited,Consumer Durables,Jewellery,44097,426.85,1033079536,No Band
NSE:COFORGE-EQ,COFORGE,Coforge Limited,Information Technology,Software Services,44238,1316.8,335950789.8,No Band
NSE:BALKRISIND-EQ,BALKRISIND,Balkrishna Industries Limited,Auto,Tyres & Rubber Products,45012,2329.8,193201133.1,20
NSE:360ONE-EQ,360ONE,360 ONE WAM LIMITED,Financial Services,Asset Management,45181,1113.3,405829515.9,No Band
NSE:IRCTC-EQ,IRCTC,Indian Railway Catering And Tourism Corporation Limited,Consumer Services,Tour & Travel services,45192,564.9,800000000,20
NSE:APARINDS-EQ,APARINDS,Apar Industries Limited,Capital Goods,Electrical - Power Equipment,46112,11482,40160250.83,20
NSE:KEI-EQ,KEI,KEI Industries Limited,Capital Goods,Cables - Electricals,46233,4839.3,95536544.54,No Band
NSE:PREMIERENE-EQ,PREMIERENE,Premier Energies Limited,Capital Goods,Electrical - Power Equipment,46915,1034.6,453460274.5,No Band
NSE:MPHASIS-EQ,MPHASIS,MphasiS Limited,Information Technology,Software Services,46969,2462.2,190760295.7,No Band
NSE:SUPREMEIND-EQ,SUPREMEIND,Supreme Industries Limited,Chemicals,Chemicals-Plastics,47136,3709,127085467.8,No Band
NSE:PIIND-EQ,PIIND,PI Industries Limited,Chemicals,Agro chemicals,47598,3139.7,151600471.4,No Band
NSE:VOLTAS-EQ,VOLTAS,Voltas Limited,Consumer Durables,Household Appliances,47643,1440.1,330831192.3,No Band
NSE:MOTILALOFS-EQ,MOTILALOFS,Motilal Oswal Financial Services Limited,Financial Services,Investment Banking & Broking,49132,815.45,602513949.4,No Band
NSE:THERMAX-EQ,THERMAX,Thermax Limited,Capital Goods,Industrial Products & Manufacturing,49424,4141.4,119341285.6,20
NSE:BDL-EQ,BDL,Bharat Dynamics Limited,Capital Goods,Aerospace & Defense,50609,1380.7,366545955,No Band
NSE:PATANJALI-EQ,PATANJALI,Patanjali Foods Limited,FMCG,Food Products,50912,468.3,1087166346,No Band
NSE:GODREJPROP-EQ,GODREJPROP,Godrej Properties Limited,Realty,Real Estate,52973,1758.8,301188310.2,No Band
NSE:TIINDIA-EQ,TIINDIA,Tube Investments of India Limited,Auto,Auto Ancilaries,53942,2790.2,193326643.3,No Band
NSE:BERGEPAINT-EQ,BERGEPAINT,Berger Paints (I) Limited,Consumer Durables,Paints,54575,468.6,1164639351,20
NSE:ABBOTINDIA-EQ,ABBOTINDIA,Abbott India Limited,Healthcare,Medical-Diversified,54788,25785,21248012.41,20
NSE:HINDCOPPER-EQ,HINDCOPPER,Hindustan Copper Limited,Metals & Mining,Mining/Minerals,55086,569.6,967099719.1,20
NSE:VMM-EQ,VMM,Vishal Mega Mart Limited,Consumer Services,Diversified Retail,55611,118.95,4675157629,No Band
NSE:SUNDARMFIN-EQ,SUNDARMFIN,Sundaram Finance Limited,Financial Services,Housing Finance,55829,5028.8,111018533.2,20
NSE:MAHABANK-EQ,MAHABANK,Bank of Maharashtra,Financial Services,PSU Banks,55948,72.73,7692561529,20
NSE:UPL-EQ,UPL,UPL Limited,Chemicals,Agro chemicals,56124,664.7,844350835,No Band
NSE:HDBFS-EQ,HDBFS,HDB Financial Services Limited,Financial Services,Finance & Investment,56603,682,829956011.7,20
NSE:COLPAL-EQ,COLPAL,Colgate Palmolive (India) Limited,FMCG,Personal Care,57259,2106,271885090.2,No Band
NSE:JSWINFRA-EQ,JSWINFRA,JSW Infrastructure Limited,Capital Goods,Ship building & Allied services,57539,274.26,2097972727,10
NSE:BIOCON-EQ,BIOCON,Biocon Limited,Healthcare,Biotechnology,58077,358.1,1621809550,No Band
NSE:MFSL-EQ,MFSL,Max Financial Services Limited,Financial Services,Life Insurance,58101,1683.2,345181796.6,No Band
NSE:FACT-EQ,FACT,Fertilizers and Chemicals Travancore Limited,Chemicals,Fertilizers,58260,902.75,645361395.7,20
NSE:PRESTIGE-EQ,PRESTIGE,Prestige Estates Projects Limited,Realty,Real Estate,58445,1356.8,430756191,No Band
NSE:APLAPOLLO-EQ,APLAPOLLO,APL Apollo Tubes Limited,Metals & Mining,Iron & Steel,58459,2105.7,277622643.3,No Band
NSE:IDFCFIRSTB-EQ,IDFCFIRSTB,IDFC First Bank Limited,Financial Services,Private Banks,58950,68.53,8602072085,No Band
NSE:MRF-EQ,MRF,MRF Limited,Auto,Tyres & Rubber Products,59309,139855,4240749.348,20
NSE:COROMANDEL-EQ,COROMANDEL,Coromandel International Limited,Chemicals,Fertilizers,60531,2050.2,295244366.4,20
NSE:LAURUSLABS-EQ,LAURUSLABS,Laurus Labs Limited,Healthcare,Medical-Diversified,61246,1135.75,539255998.2,No Band
NSE:LINDEINDIA-EQ,LINDEINDIA,Linde India Limited,Chemicals,Chemicals-Basic,61793,7239.5,85355342.22,20
NSE:OBEROIRLTY-EQ,OBEROIRLTY,Oberoi Realty Limited,Realty,Real Estate,62117,1710.6,363129895.9,No Band
NSE:SCHAEFFLER-EQ,SCHAEFFLER,Schaeffler India Limited,Metals & Mining,Metal Fabrication,62615,4002.5,156439725.2,20
NSE:RVNL-EQ,RVNL,Rail Vikas Nigam Limited,Construction,Railways,63240,303.06,2086715502,No Band
NSE:YESBANK-EQ,YESBANK,Yes Bank Limited,Financial Services,Private Banks,63356,20.19,31379891035,No Band
NSE:UNOMINDA-EQ,UNOMINDA,UNO Minda Limited,Auto,Auto Ancilaries,63377,1097.8,577309163.8,No Band
NSE:GLENMARK-EQ,GLENMARK,Glenmark Pharmaceuticals Limited,Healthcare,Pharmaceuticals,63479,2249.5,282191598.1,No Band
NSE:PHOENIXLTD-EQ,PHOENIXLTD,The Phoenix Mills Limited,Realty,Real Estate,64093,1792.2,357621917.2,No Band
NSE:NAM-INDIA-EQ,NAM-INDIA,Nippon Life India Asset Management Limited,Financial Services,Asset Management,64832,1015.05,638707452.8,No Band
NSE:JSL-EQ,JSL,Jindal Stainless Limited,Metals & Mining,Iron & Steel,64980,788.2,824410048.2,20
NSE:SBICARD-EQ,SBICARD,SBI Cards and Payment Services Limited,Financial Services,NBFC,66135,695.2,951308975.8,No Band
NSE:INDUSINDBK-EQ,INDUSINDBK,IndusInd Bank Limited,Financial Services,Private Banks,66476,853.9,778498653.2,No Band
NSE:ALKEM-EQ,ALKEM,Alkem Laboratories Limited,Healthcare,Medical-Diversified,66768,5582,119613041.9,No Band
NSE:FORTIS-EQ,FORTIS,Fortis Healthcare Limited,Healthcare,Hospitals,67175,890.2,754605706.6,No Band
NSE:IOB-EQ,IOB,Indian Overseas Bank,Financial Services,PSU Banks,67301,34.96,19250858124,20
NSE:BANKINDIA-EQ,BANKINDIA,Bank of India,Financial Services,PSU Banks,67406,148.1,4551384200,No Band
NSE:NAUKRI-EQ,NAUKRI,Info Edge (India) Limited,Media Entertainment & Publication,Web Services,68398,1054.55,648598928.5,No Band
NSE:DIXON-EQ,DIXON,Dixon Technologies (India) Limited,Capital Goods,EMS,69147,11371.5,60807281.36,No Band
NSE:OFSS-EQ,OFSS,Oracle Financial Services Software Limited,Information Technology,Software Products,69465,7992.5,86912730.69,No Band
NSE:ATGL-EQ,ATGL,Adani Total Gas Limited,"Oil, Gas & Consumable fuels",Gas Distribution,69566,632.9,1099162585,20
NSE:GICRE-EQ,GICRE,General Insurance Corporation of India,Financial Services,General Insurance,70237,400.4,1754170829,20
NSE:SAIL-EQ,SAIL,Steel Authority of India Limited,Metals & Mining,Iron & Steel,71498,173.33,4124963942,No Band
NSE:LTF-EQ,LTF,L&T Finance Limited,Financial Services,Finance & Investment,71948,287.14,2505676673,No Band
NSE:SUZLON-EQ,SUZLON,Suzlon Energy Limited,Power,Energy-Alternative,71997,52.93,13602304931,No Band
NSE:FEDERALBNK-EQ,FEDERALBNK,The Federal Bank  Limited,Financial Services,Private Banks,72421,293.75,2465395745,No Band
NSE:MCX-EQ,MCX,Multi Commodity Exchange of India Limited,Financial Services,Financial Services-Specialty,72881,2856.1,255176639.5,No Band
NSE:POLICYBZR-EQ,POLICYBZR,PB Fintech Limited,Financial Services,General Insurance,73925,1600.6,461858053.2,No Band
NSE:SRF-EQ,SRF,SRF Limited,Chemicals,Chemicals Specialty,73971,2494.5,296536380,No Band
NSE:AUBANK-EQ,AUBANK,AU Small Finance Bank Limited,Financial Services,Private Banks,74138,990.6,748415102,No Band
NSE:PAYTM-EQ,PAYTM,One 97 Communications Limited,Financial Services,Financial Services-Specialty,74393,1161.65,640408040.3,No Band
NSE:MEESHO-EQ,MEESHO,Meesho Limited,Consumer Services,E- Commerce,74695,163.67,4563756339,20
NSE:OIL-EQ,OIL,Oil India Limited,"Oil, Gas & Consumable fuels",Oil Exploration & Production,76483,470.1,1626951712,No Band
NSE:BAJAJHFL-EQ,BAJAJHFL,Bajaj Housing Finance Limited,Financial Services,Housing Finance,76507,91.8,8334095861,10
NSE:SWIGGY-EQ,SWIGGY,Swiggy Limited,Consumer Services,E- Commerce,76666,277.45,2763236619,No Band
NSE:BHARTIHEXA-EQ,BHARTIHEXA,Bharti Hexacom Limited,Telecommunication,Telecom - Cellular & Fixed line services,76965,1538.2,500357560.8,20
NSE:NYKAA-EQ,NYKAA,FSN E-Commerce Ventures Limited,Consumer Services,E- Commerce,77242,269.66,2864421865,No Band
NSE:DABUR-EQ,DABUR,Dabur India Limited,FMCG,Personal Care,78529,442.85,1773264085,No Band
NSE:TORNTPOWER-EQ,TORNTPOWER,Torrent Power Limited,Power,Power Generation & Distribution,78840,1565,503769968.1,No Band
NSE:NMDC-EQ,NMDC,NMDC Limited,Metals & Mining,Mining/Minerals,78914,89.78,8789708176,No Band
NSE:HINDPETRO-EQ,HINDPETRO,Hindustan Petroleum Corporation Limited,"Oil, Gas & Consumable fuels",Oil & Gas-Refining & Marketing,78931,370.85,2128380747,No Band
NSE:AUROPHARMA-EQ,AUROPHARMA,Aurobindo Pharma Limited,Healthcare,Pharmaceuticals,80522,1386,580966811,No Band
NSE:NATIONALUM-EQ,NATIONALUM,National Aluminium Company Limited,Metals & Mining,Metal Fabrication,80572,438.75,1836398860,No Band
NSE:IDBI-EQ,IDBI,IDBI Bank Limited,Financial Services,Private Banks,80761,75.06,10759525713,10
NSE:ICICIPRULI-EQ,ICICIPRULI,ICICI Prudential Life Insurance Company Limited,Financial Services,Life Insurance,81502,562,1450213523,No Band
NSE:HAVELLS-EQ,HAVELLS,Havells India Limited,Capital Goods,Electrical - Power Equipment,81948,1306.4,627281077.8,No Band
NSE:NHPC-EQ,NHPC,NHPC Limited,Power,Energy-Alternative,83915,83.56,10042484442,No Band
NSE:PERSISTENT-EQ,PERSISTENT,Persistent Systems Limited,Information Technology,Software Services,85938,5446.5,157785734,No Band
NSE:LODHA-EQ,LODHA,Macrotech Developers Limited,Realty,Real Estate,87145,872.55,998739327.3,No Band
NSE:MANKIND-EQ,MANKIND,Mankind Pharma Limited,Healthcare,Pharmaceuticals,87713,2125,412767058.8,No Band
NSE:BHARATFORG-EQ,BHARATFORG,Bharat Forge Limited,Metals & Mining,Iron & Steel,88974,1860.5,478226283.3,No Band
NSE:ABCAPITAL-EQ,ABCAPITAL,Aditya Birla Capital Limited,Financial Services,Finance & Investment,89133,340.4,2618478261,No Band
NSE:SHREECEM-EQ,SHREECEM,SHREE CEMENT LIMITED,Construction,Cement,91272,25290,36090154.21,No Band
NSE:LLOYDSME-EQ,LLOYDSME,Lloyds Metals And Energy Limited,Metals & Mining,Iron & Steel,91342,1623.3,562693279.1,20
NSE:LENSKART-EQ,LENSKART,Lenskart Solutions Limited,Consumer Services,E- Commerce,92863,534.55,1737218221,20
NSE:INDHOTEL-EQ,INDHOTEL,The Indian Hotels Company Limited,Consumer Services,Hotels,93767,659.3,1422220537,No Band
NSE:ICICIGI-EQ,ICICIGI,ICICI Lombard General Insurance Company Limited,Financial Services,General Insurance,94322,1891.6,498636075.3,No Band
NSE:NTPCGREEN-EQ,NTPCGREEN,NTPC Green Energy Limited,Power,Power Generation & Distribution,94341,111.96,8426312969,20
NSE:JSWENERGY-EQ,JSWENERGY,JSW Energy Limited,Power,Power Generation & Distribution,94568,538.05,1757606170,No Band
NSE:UNITDSPR-EQ,UNITDSPR,United Spirits Limited,FMCG,Breweries & Distilleries,94755,1302.9,727262261.1,No Band
NSE:ZYDUSLIFE-EQ,ZYDUSLIFE,Zydus Lifesciences Limited,Healthcare,Pharmaceuticals,94973,943.95,1006123206,No Band
NSE:MAXHEALTH-EQ,MAXHEALTH,Max Healthcare Institute Limited,Healthcare,Hospitals,98043,1007.65,972986652.1,No Band
NSE:MARICO-EQ,MARICO,Marico Limited,FMCG,Personal Care,98249,757.3,1297359039,No Band
NSE:RECLTD-EQ,RECLTD,REC Limited,Financial Services,NBFC,98311,373.3,2633565497,No Band
NSE:WAAREEENER-EQ,WAAREEENER,Waaree Energies Limited,Capital Goods,Electrical - Power Equipment,99704,3466.2,287646413.9,No Band
NSE:CIPLA-EQ,CIPLA,Cipla Limited,Healthcare,Pharmaceuticals,100209,1240.8,807616054.2,No Band
NSE:GMRAIRPORT-EQ,GMRAIRPORT,GMR AIRPORTS LIMITED,Construction,Civil Construction,102253,96.85,10557872999,No Band
NSE:ASHOKLEY-EQ,ASHOKLEY,Ashok Leyland Limited,Auto,Auto Manufacturers,102709,174.78,5876473281,No Band
NSE:DRREDDY-EQ,DRREDDY,Dr. Reddy's Laboratories Limited,Healthcare,Medical-Diversified,103151,1235.7,834757627.3,No Band
NSE:GAIL-EQ,GAIL,GAIL (India) Limited,"Oil, Gas & Consumable fuels",Gas Distribution,103781,157.82,6575909264,No Band
NSE:IDEA-EQ,IDEA,Vodafone Idea Limited,Telecommunication,Telecom - Cellular & Fixed line services,104117,9.61,1.08342E+11,No Band
NSE:HEROMOTOCO-EQ,HEROMOTOCO,Hero MotoCorp Limited,Auto,Auto Manufacturers,104629,5230.5,200036325.4,No Band
NSE:MAZDOCK-EQ,MAZDOCK,Mazagon Dock Shipbuilders Limited,Capital Goods,Ship building & Allied services,105565,2616.4,403474239.4,No Band
NSE:GVT&D-EQ,GVT&D,GE Vernova T&D India Limited,Capital Goods,Electrical - Power Equipment,106001,4138.2,256152433.4,20
NSE:LUPIN-EQ,LUPIN,Lupin Limited,Healthcare,Pharmaceuticals,106367,2326.1,457276127.4,No Band
NSE:LGEINDIA-EQ,LGEINDIA,LG Electronics India Limited,Consumer Durables,Household Appliances,107095,1578.7,678374612,10
NSE:ENRIN-EQ,ENRIN,Siemens Energy India Limited,Capital Goods,Electrical - Power Equipment,107447,3019.6,355831898.3,20
NSE:INDUSTOWER-EQ,INDUSTOWER,Indus Towers Limited,Telecommunication,Telecom - Infrastructure,108784,412.25,2638787144,No Band
NSE:TATACONSUM-EQ,TATACONSUM,TATA CONSUMER PRODUCTS LIMITED,FMCG,Tea & Coffee,110268,1113.2,990549766.4,No Band
NSE:BHEL-EQ,BHEL,Bharat Heavy Electricals Limited,Capital Goods,Industrial Products & Manufacturing,110383,316.79,3484421857,No Band
NSE:APOLLOHOSP-EQ,APOLLOHOSP,Apollo Hospitals Enterprise Limited,Healthcare,Hospitals,110656,7699,143727756.9,No Band
NSE:BOSCHLTD-EQ,BOSCHLTD,Bosch Limited,Auto,Auto Ancilaries,110658,37505,29504866.02,No Band
NSE:GODREJCP-EQ,GODREJCP,Godrej Consumer Products Limited,FMCG,Personal Care,113524,1109.4,1023291869,No Band
NSE:AMBUJACEM-EQ,AMBUJACEM,Ambuja Cements Limited,Construction,Cement,113903,459,2481546841,No Band
NSE:BAJAJHLDNG-EQ,BAJAJHLDNG,Bajaj Holdings & Investment Limited,Financial Services,Holding Company,115133,10355.5,111180532.1,No Band
NSE:HDFCAMC-EQ,HDFCAMC,HDFC Asset Management Company Limited,Financial Services,Asset Management,119608,2792.4,428334049.6,No Band
NSE:CGPOWER-EQ,CGPOWER,CG Power and Industrial Solutions Limited,Capital Goods,Electrical - Power Equipment,122041,774.8,1575129066,No Band
NSE:POLYCAB-EQ,POLYCAB,Polycab India Limited,Capital Goods,Cables - Electricals,123240,8182.5,150614115.5,No Band
NSE:GROWW-EQ,GROWW,Billionbrains Garage Ventures Limited,Financial Services,Investment Banking & Broking,124363,198.34,6270192599,20
NSE:INDIANB-EQ,INDIANB,Indian Bank,Financial Services,PSU Banks,126453,939.45,1346032253,No Band
NSE:POWERINDIA-EQ,POWERINDIA,Hitachi Energy India Limited,Capital Goods,Electrical - Power Equipment,128947,28925,44579775.28,No Band
NSE:CANBK-EQ,CANBK,Canara Bank,Financial Services,PSU Banks,129120,142.37,9069326403,No Band
NSE:JINDALSTEL-EQ,JINDALSTEL,Jindal Steel & Power Limited,Metals & Mining,Iron & Steel,130022,1270,1023795276,No Band
NSE:PNB-EQ,PNB,Punjab National Bank,Financial Services,PSU Banks,131640,114.48,11498951782,No Band
NSE:SIEMENS-EQ,SIEMENS,Siemens Limited,Diversified,Diversified Operations,132021,3707.9,356053291.6,No Band
NSE:MOTHERSON-EQ,MOTHERSON,Samvardhana Motherson International Limited,Auto,Auto Ancilaries,132091,125.03,10564744461,No Band
NSE:TMPV-EQ,TMPV,Tata Motors Passenger Vehicles Limited,Auto,Auto Manufacturers,132546,360.1,3680810886,No Band
NSE:HDFCLIFE-EQ,HDFCLIFE,HDFC Life Insurance Company Limited,Financial Services,Life Insurance,133008,616.45,2157644578,No Band
NSE:CHOLAFIN-EQ,CHOLAFIN,Cholamandalam Investment and Finance Company Limited,Financial Services,NBFC,134605,1579,852469917.7,No Band
NSE:BPCL-EQ,BPCL,Bharat Petroleum Corporation Limited,"Oil, Gas & Consumable fuels",Oil & Gas-Refining & Marketing,135382,312.1,4337776354,No Band
NSE:TATAPOWER-EQ,TATAPOWER,Tata Power Company Limited,Power,Power Generation & Distribution,136424,427.6,3190458372,No Band
NSE:SOLARINDS-EQ,SOLARINDS,Solar Industries India Limited,Chemicals,Chemicals Specialty,136567,15089,90507654.58,No Band
NSE:IRFC-EQ,IRFC,Indian Railway Finance Corporation Limited,Financial Services,Railways,137010,104.84,13068485311,No Band
NSE:BRITANNIA-EQ,BRITANNIA,Britannia Industries Limited,FMCG,Food Products,138063,5735.5,240716589.7,No Band
NSE:LTM-EQ,LTM,LTIMindtree Limited,Information Technology,Software Services,140970,4753.6,296554190.5,No Band
NSE:TORNTPHARM-EQ,TORNTPHARM,Torrent Pharmaceuticals Limited,Healthcare,Pharmaceuticals,141437,4179.5,338406508,No Band
NSE:PIDILITIND-EQ,PIDILITIND,Pidilite Industries Limited,Chemicals,Chemicals Specialty,141847,1393.4,1017991962,No Band
NSE:CUMMINSIND-EQ,CUMMINSIND,Cummins India Limited,Capital Goods,Industrial Products & Manufacturing,142481,5140.9,277151860.6,No Band
NSE:MUTHOOTFIN-EQ,MUTHOOTFIN,Muthoot Finance Limited,Financial Services,NBFC,143386,3571.3,401495253.8,No Band
NSE:TATACAP-EQ,TATACAP,Tata Capital Limited,Financial Services,Finance & Investment,143476,337.85,4246736717,10
NSE:BSE-EQ,BSE,BSE Limited,Financial Services,Financial Services-Specialty,143837,3531.5,407297182.5,No Band
NSE:UNIONBANK-EQ,UNIONBANK,Union Bank of India,Financial Services,PSU Banks,144237,188.91,7635223122,No Band
NSE:BANKBARODA-EQ,BANKBARODA,Bank of Baroda,Financial Services,PSU Banks,145124,280.44,5174868064,No Band
NSE:TRENT-EQ,TRENT,Trent Limited,Consumer Services,Retail-Department Stores,145987,4107.7,355398398.1,No Band
NSE:TECHM-EQ,TECHM,Tech Mahindra Limited,Information Technology,Software Services,148103,1511.4,979906047.4,No Band
NSE:ABB-EQ,ABB,ABB India Limited,Capital Goods,Electrical - Power Equipment,148872,7029.5,211781776.8,No Band
NSE:DLF-EQ,DLF,DLF Limited,Realty,Real Estate,148951,601.75,2475297050,No Band
NSE:ADANIENSOL-EQ,ADANIENSOL,Adani Energy Solutions Limited,Power,Power Generation & Distribution,151374,1259.8,1201571678,No Band
NSE:PFC-EQ,PFC,Power Finance Corporation Limited,Financial Services,NBFC,153371,464.85,3299365387,No Band
NSE:HYUNDAI-EQ,HYUNDAI,Hyundai Motor India Limited,Auto,Auto Manufacturers,154501,1902.8,811966575.6,No Band
NSE:JIOFIN-EQ,JIOFIN,Jio Financial Services Limited,Financial Services,Investment Banking & Broking,154908,243.86,6352333306,No Band
NSE:VBL-EQ,VBL,Varun Beverages Limited,FMCG,Other Beverages,159964,473.9,3375480059,No Band
NSE:TMCV-EQ,TMCV,Tata Motors Limited,Auto,Auto Manufacturers,161746,439.1,3683580050,20
NSE:ICICIAMC-EQ,ICICIAMC,ICICI Prudential Asset Management Company Limited,Financial Services,Asset Management,164985,3338.9,494129803.2,10
NSE:DIVISLAB-EQ,DIVISLAB,Divi's Laboratories Limited,Healthcare,Pharmaceuticals,165255,6229,265299406,No Band
NSE:TVSMOTOR-EQ,TVSMOTOR,TVS Motor Company Limited,Auto,Auto Manufacturers,177795,3735.8,475922158.6,No Band
NSE:INDIGO-EQ,INDIGO,InterGlobe Aviation Limited,Services,Airlines,179471,4638.4,386924370.5,No Band
NSE:GRASIM-EQ,GRASIM,Grasim Industries Limited,Construction,Construction Products Miscallaneous,185204,2720.5,680771916.9,No Band
NSE:ADANIGREEN-EQ,ADANIGREEN,Adani Green Energy Limited,Power,Energy-Alternative,185744,1127.3,1647689169,No Band
NSE:EICHERMOT-EQ,EICHERMOT,Eicher Motors Limited,Auto,Auto Manufacturers,197200,7189.5,274288893.5,No Band
NSE:SBILIFE-EQ,SBILIFE,SBI Life Insurance Company Limited,Financial Services,Life Insurance,197729,1970.9,1003242174,No Band
NSE:IOC-EQ,IOC,Indian Oil Corporation Limited,"Oil, Gas & Consumable fuels",Oil & Gas-Refining & Marketing,206057,145.88,14125102824,No Band
NSE:WIPRO-EQ,WIPRO,Wipro Limited,Information Technology,Software Services,214362,204.32,10491483947,No Band
NSE:HINDALCO-EQ,HINDALCO,Hindalco Industries Limited,Metals & Mining,Metal Fabrication,233542,1039,2247757459,No Band
NSE:ASIANPAINT-EQ,ASIANPAINT,Asian Paints Limited,Consumer Durables,Paints,236341,2464,959176136.4,No Band
NSE:ETERNAL-EQ,ETERNAL,ETERNAL LIMITED,Consumer Services,E- Commerce,243729,252.61,9648430387,No Band
NSE:SHRIRAMFIN-EQ,SHRIRAMFIN,Shriram Finance Limited,Financial Services,NBFC,244033,1036.95,2353372872,No Band
NSE:NESTLEIND-EQ,NESTLEIND,Nestle India Limited,FMCG,Food Products,247677,1285.6,1926547915,No Band
NSE:HINDZINC-EQ,HINDZINC,Hindustan Zinc Limited,Metals & Mining,Mining/Minerals,250286,592.3,4225662671,No Band
NSE:TATASTEEL-EQ,TATASTEEL,Tata Steel Limited,Metals & Mining,Iron & Steel,264788,212.12,12482934188,No Band
NSE:COALINDIA-EQ,COALINDIA,Coal India Limited,"Oil, Gas & Consumable fuels",Coal Products,270296,438.75,6160592593,No Band
NSE:BAJAJ-AUTO-EQ,BAJAJ-AUTO,Bajaj Auto Limited,Auto,Auto Manufacturers,273201,9773.5,279532409.1,No Band
NSE:ADANIENT-EQ,ADANIENT,Adani Enterprises Limited,Capital Goods,Electrical Miscallaneous,288409,2218.3,1300135239,No Band
NSE:HAL-EQ,HAL,Hindustan Aeronautics Limited,Capital Goods,Aerospace & Defense,293360,4388.1,668535357,No Band
NSE:BAJAJFINSV-EQ,BAJAJFINSV,Bajaj Finserv Limited,Financial Services,Finance & Investment,294212,1838.9,1599934744,No Band
NSE:POWERGRID-EQ,POWERGRID,Power Grid Corporation of India Limited,Power,Power Generation & Distribution,295852,318.1,9300597296,No Band
NSE:DMART-EQ,DMART,Avenue Supermarts Limited,Consumer Services,Diversified Retail,301984,4628.5,652444636.5,No Band
NSE:JSWSTEEL-EQ,JSWSTEEL,JSW Steel Limited,Metals & Mining,Iron & Steel,303147,1240.3,2444142546,No Band
NSE:VEDL-EQ,VEDL,Vedanta Limited,Metals & Mining,Mining/Minerals,307982,787.5,3910882540,No Band
NSE:BEL-EQ,BEL,Bharat Electronics Limited,Capital Goods,Aerospace & Defense,338297,462.75,7310578066,No Band
NSE:ULTRACEMCO-EQ,ULTRACEMCO,UltraTech Cement Limited,Construction,Cement,350190,11886,294623927.3,No Band
NSE:ONGC-EQ,ONGC,Oil & Natural Gas Corporation Limited,"Oil, Gas & Consumable fuels",Oil Exploration & Production,357342,284.05,12580249956,No Band
NSE:ADANIPORTS-EQ,ADANIPORTS,Adani Ports and Special Economic Zone Limited,Capital Goods,Ship building & Allied services,362586,1573.4,2304474387,No Band
NSE:KOTAKBANK-EQ,KOTAKBANK,Kotak Mahindra Bank Limited,Financial Services,Private Banks,381294,383.6,9939885297,No Band
NSE:NTPC-EQ,NTPC,NTPC Limited,Power,Power Generation & Distribution,381660,393.6,9696646341,No Band
NSE:ADANIPOWER-EQ,ADANIPOWER,Adani Power Limited,Power,Power Generation & Distribution,382979,198.5,19293652393,No Band
NSE:ITC-EQ,ITC,ITC Limited,FMCG,Tobacco,384340,306.8,12527379400,No Band
NSE:HCLTECH-EQ,HCLTECH,HCL Technologies Limited,Information Technology,Software Services,391257,1442.3,2712729668,No Band
NSE:M&M-EQ,M&M,Mahindra & Mahindra Limited,Auto,Auto Manufacturers,398071,3200.2,1243894132,No Band
NSE:TITAN-EQ,TITAN,Titan Company Limited,Consumer Durables,Jewellery,401812,4525.9,887805740.3,No Band
NSE:SUNPHARMA-EQ,SUNPHARMA,Sun Pharmaceutical Industries Limited,Healthcare,Pharmaceuticals,401996,1675.5,2399259922,No Band
NSE:AXISBANK-EQ,AXISBANK,Axis Bank Limited,Financial Services,Private Banks,422374,1359.1,3107747774,No Band
NSE:MARUTI-EQ,MARUTI,Maruti Suzuki India Limited,Auto,Auto Manufacturers,422999,13453,314427265.3,No Band
NSE:HINDUNILVR-EQ,HINDUNILVR,Hindustan Unilever Limited,FMCG,Personal Care,526410,2240.8,2349205641,No Band
NSE:LICI-EQ,LICI,Life Insurance Corporation Of India,Financial Services,Life Insurance,532217,842.2,6319365946,No Band
NSE:INFY-EQ,INFY,Infosys Limited,Information Technology,Software Services,534936,1318.7,4056540532,No Band
NSE:LT-EQ,LT,Larsen & Toubro Limited,Construction,Civil Construction,563807,4096.1,1376448329,No Band
NSE:BAJFINANCE-EQ,BAJFINANCE,Bajaj Finance Limited,Financial Services,NBFC,565222,908.25,6223198459,No Band
NSE:TCS-EQ,TCS,Tata Consultancy Services Limited,Information Technology,Software Services,933936,2581.5,3617803603,No Band
NSE:ICICIBANK-EQ,ICICIBANK,ICICI Bank Limited,Financial Services,Private Banks,964543,1346.8,7161738937,No Band
NSE:SBIN-EQ,SBIN,State Bank of India,Financial Services,PSU Banks,996810,1080.25,9227586207,No Band
NSE:BHARTIARTL-EQ,BHARTIARTL,Bharti Airtel Limited,Telecommunication,Telecom - Cellular & Fixed line services,1125491,1846.9,6093946613,No Band
NSE:HDFCBANK-EQ,HDFCBANK,HDFC Bank Limited,Financial Services,Private Banks,1231238,799.9,15392399050,No Band
NSE:RELIANCE-EQ,RELIANCE,Reliance Industries Limited,"Oil, Gas & Consumable fuels",Oil & Gas-Integrated,1846975,1365,13530952381,No Band
